Начало рейса - демо AMMAD: Физические пределы
Окончание рейса - активный участок реального рейса с внесенной аномалией

Глубина	Время	вес_на_крюке	ходы_насоса1	ходы_насоса2	обороты_ротора	давление_на_входе	уровень_в_емкости	температура_на_выходе	расход_на_входе	объем_емкости	объем_раствора	объем_актив_емкости	тальблок	скорость_спо	скорость_механическая	дмк	скорость_бурения	метан_абс	этан_абс	пропан_абс	бутан_абс	пентан_абс	гексан_абс	метан_отн	этан_отн	пропан_отн	бутан_отн	пентан_отн	гексан_отн	сумм_газ2	сумм_газ	дифф_плотность	дифф_расход	дифф_электропроводность	дифф_темпер	общий_вес	число_свечей	объем_в_емкости1	параметр2	момент_ротора	уровень_в_емкости2	объем_в_емкости2	нагрузка	zts_темп	параметр4	параметр5
970,405029296875	41998,654513888891	105	0,009883477353	49,467929840088	52	340	2,4	-30	-2	44,969005584717	44,437702178955	44,969005584717	7,881730556488	2,4	2,407030105591	235	12	0,001840480021	0,000039539998	0,000420750002	0,001061749994	0,000486150006	0	47,821170806885	1,027283191681	10,932362556458	27,587465286255	12,631718635559	0	0	0,003848670051	0	-14,169577598572	0	0	18,200000762939	47	22,782405853271	970,396362304688	12	1,155552506447	22,186599731445	24	912,663146972656	100	0
970,443481445312	41998,654629629622	105	0,012605020776	49,310890197754	52	340	2,4	-30	-2	44,989261627197	44,457958221436	44,989261627197	7,853846073151	2,4	2,407030105591	235	12	0,001840480021	0,000039539998	0,000420750002	0,001061749994	0,000486150006	0	47,821170806885	1,027283191681	10,932362556458	27,587465286255	12,631718635559	0	0	0,003848670051	0	-13,927887916565	0	0	18,200000762939	47	22,802719116211	970,42041015625	12	1,155549168587	22,186544418335	24	912,663146972656	100	0
970,48193359375	41998,654745370368	105	0,011115332134	49,292957305908	52	340	2,4	-30	-2	44,981601715088	44,450294494629	44,981601715088	7,810576915741	2,4	2,407030105591	235	12	0,001840480021	0,000039539998	0,000420750002	0,001061749994	0,000486150006	0	47,821170806885	1,027283191681	10,932362556458	27,587465286255	12,631718635559	0	0	0,003848670051	0	-13,813521385193	0	0	18,200000762939	47	22,795141220093	970,463623046875	12	1,155543208122	22,186458587646	24	912,663146972656	100	0
970,491516113281	41998,654861111114	105	0,009969412349	49,152458190918	52	340	2,4	-30	-2	45,035396575928	44,504093170166	45,035396575928	7,784615516663	2,4	2,407030105591	235	12	0,001840480021	0,000039539998	0,000420750002	0,001061749994	0,000486150006	0	47,821170806885	1,027283191681	10,932362556458	27,587465286255	12,631718635559	0	0	0,003848670051	0	-13,950423240662	0	0	18,200000762939	47	22,849164962769	970,489624023438	12	1,155532360077	22,186233520508	24	912,663146972656	100	0
970,5107421875	41998,654976851845	105	0,008307828568	48,72359085083	52	340	2,4	-30	-2	44,836326599121	44,305023193359	44,836326599121	7,774038314819	2,4	2,407030105591	235	12	0,001840480021	0,000039539998	0,000420750002	0,001061749994	0,000486150006	0	47,821170806885	1,027283191681	10,932362556458	27,587465286255	12,631718635559	0	0	0,003848670051	0	-13,745352745056	0	0	18,200000762939	47	22,650093078613	970,500183105469	12	1,15553188324	22,186233520508	24	912,663146972656	100	0
970,520385742188	41998,655092592591	105	0,009797511622	48,70824432373	52	340	2,4	-30	-2	44,969566345215	44,438262939453	44,969566345215	7,759615421295	2,4	2,407030105591	235	12	0,001840480021	0,000039539998	0,000420750002	0,001061749994	0,000486150006	0	47,821170806885	1,027283191681	10,932362556458	27,587465286255	12,631718635559	0	0	0,003848670051	0	-13,457703590393	0	0	18,200000762939	47	22,783613204956	970,514587402344	12	1,155516982079	22,18595123291	24	912,663146972656	100	0
970,539611816406	41998,655208333337	105	0,010083998553	48,854320526123	52	340	2,4	-30	-2	44,744022369385	44,212718963623	44,744022369385	7,744230747223	2,4	2,407030105591	235	12	0,001840480021	0,000039539998	0,000420750002	0,001061749994	0,000486150006	0	47,821170806885	1,027283191681	10,932362556458	27,587465286255	12,631718635559	0	0	0,003848670051	0	-13,495715141296	0	0	18,200000762939	47	22,558408737183	970,530029296875	12	1,155498743057	22,185613632202	24	912,663146972656	100	0
970,549255371094	41998,655324074083	105	0,011860173196	48,987846374512	52	340	2,4	-30	-2	45,021286010742	44,48998260498	45,021286010742	7,726922988892	2,4	2,407030105591	235	12	0,00212649093	0,000065558997	0,000481247989	0,001176023041	0,000463361997	0	49,290252685547	1,514359354973	11,156210899353	27,272735595703	10,766438484192	0	0	0,004312682897	0	-13,695211410522	0	0	18,200000762939	47	22,835878372192	970,547302246094	12	1,155489563942	22,185409545898	24	912,663146972656	100	0
970,549255371094	41998,655439814815	105	0,012289894745	48,984855651855	52	340	2,4	-30	-2	44,980319976807	44,449012756348	44,980319976807	7,724999904633	2,4	2,407030105591	235	12	0,002158269985	0,000068449997	0,000487970014	0,001188719994	0,000460829993	0	49,453483581543	1,568478941917	11,181082725525	27,237766265869	10,559185028076	0	0	0,004364239983	0	-14,596056938171	0	0	18,200000762939	47	22,794921875	970,549255371094	12	1,155490875244	22,185396194458	24	912,663146972656	100	0
970,558837890625	41998,655555555553	105	0,016042748466	48,943405151367	52	340	2,4	-30	-2	44,906372070312	44,375064849854	44,906372070312	7,717307567596	2,4	2,407030105591	235	12	0,002158269985	0,000068449997	0,000487970014	0,001188719994	0,000460829993	0	49,453483581543	1,568478941917	11,181082725525	27,237766265869	10,559185028076	0	0	0,004364239983	0	-14,716620445251	0	0	18,200000762939	47	22,720586776733	970,556945800781	12	1,155513644218	22,185785293579	24	912,663146972656	100	0
970,597290039062	41998,655671296285	105	0,01899347268	49,06078338623	52	340	2,4	-30	-2	45,01830291748	44,486995697021	45,01830291748	7,703845977783	2,4	2,407030105591	235	12	0,002158269985	0,000068449997	0,000487970014	0,001188719994	0,000460829993	0	49,453483581543	1,568478941917	11,181082725525	27,237766265869	10,559185028076	0	0	0,004364239983	0	-14,626479148865	0	0	18,200000762939	47	22,832035064697	970,570373535156	12	1,155534505844	22,186265945435	24	912,663146972656	100	0
970,626159667969	41998,655787037038	105	0,017245950177	49,157241821289	52	340	2,4	-30	-2	44,367938995361	43,8366355896	44,367938995361	7,66538476944	2,4	6,73076915741	235	12	0,002158269985	0,000068449997	0,000487970014	0,001188719994	0,000460829993	0	49,453483581543	1,568478941917	11,181082725525	27,237766265869	10,559185028076	0	0	0,004364239983	0	-14,490704536438	0	0	18,200000762939	47	22,181787490845	970,608825683594	12	1,155526995659	22,186151504517	24	912,663146972656	100	0
970,645385742188	41998,655902777777	105	0,012519063428	49,178764343262	52	340	2,4	-30	-2	44,459030151367	43,927726745605	44,459030151367	7,631730556488	2,4	6,73076915741	235	12	0,002158269985	0,000068449997	0,000487970014	0,001188719994	0,000460829993	0	49,453483581543	1,568478941917	11,181082725525	27,237766265869	10,559185028076	0	0	0,004364239983	0	-14,970141410828	0	0	18,200000762939	47	22,273143768311	970,642517089844	12	1,155514001846	22,185886383057	24	912,663146972656	100	0
970,645385742188	41998,656018518523	105	0,010599653237	48,991432189941	52	340	2,4	-30	-2	44,827789306641	44,296485900879	44,827789306641	7,628846168518	2,4	6,73076915741	235	12	0,002158269985	0,000068449997	0,000487970014	0,001188719994	0,000460829993	0	49,453483581543	1,568478941917	11,181082725525	27,237766265869	10,559185028076	0	0	0,004364239983	0	-15,250141143799	0	0	18,200000762939	47	22,641967773438	970,645385742188	12	1,15551173687	22,185821533203	24	912,663146972656	100	0
970,674255371094	41998,656134259261	105	0,014266587794	49,048030853271	52	340	2,4	-30	-2	44,352149963379	43,820846557617	44,352149963379	7,601922988892	2,4	6,73076915741	235	12	0,002158269985	0,000068449997	0,000487970014	0,001188719994	0,000460829993	0	49,453483581543	1,568478941917	11,181082725525	27,237766265869	10,559185028076	0	0	0,004364239983	0	-14,863661766052	0	0	18,200000762939	47	22,166194915771	970,67236328125	12	1,155520200729	22,185956954956	24	912,663146972656	100	0
970,722290039062	41998,65625	105	0,014639017172	48,946990966797	52	340	2,4	-30	-2	44,715423583984	44,184116363525	44,715423583984	7,574999809265	2,4	6,73076915741	235	12	0,002158269985	0,000068449997	0,000487970014	0,001188719994	0,000460829993	0	49,453483581543	1,568478941917	11,181082725525	27,237766265869	10,559185028076	0	0	0,004364239983	0	-14,961127281189	0	0	18,200000762939	47	22,529420852661	970,69921875	12	1,155518531799	22,186000823975	24	912,663146972656	100	0
970,7607421875	41998,656365740739	105	0,015211983584	49,32165145874	52	340	2,4	-30	-2	44,634178161621	44,102874755859	44,634178161621	7,538461685181	2,4	6,73076915741	235	12	0,00209050905	0,000087503002	0,000478709	0,001194749959	0,000484346994	0	48,21395111084	2,018452167511	11,040632247925	27,555572509766	11,171385765076	0	0	0,004335809033	0	-15,318309783936	0	0	18,200000762939	47	22,448497772217	970,735717773438	12	1,155504226685	22,185682296753	24	912,663146972656	100	0
970,789611816406	41998,656481481477	105	0,013636345044	49,349353790283	52	340	2,4	-30	-2	44,755813598633	44,224506378174	44,755813598633	7,49711561203	2,4	6,73076915741	235	12	0,002082980005	0,00008962	0,000477680005	0,001195420045	0,000486959994	0	48,076225280762	2,068449258804	11,025026321411	27,590885162354	11,239407539368	0	0	0,004332649987	0	-14,538028717041	0	0	18,200000762939	47	22,569828033447	970,777099609375	12	1,155522942543	22,185983657837	24	912,663146972656	100	0
970,818481445312	41998,656597222223	105	0,016329234466	49,549041748047	52	340	2,4	-30	-2	44,598209381104	44,066905975342	44,598209381104	7,465384483337	2,4	10,535117149353	235	12	0,002082980005	0,00008962	0,000477680005	0,001195420045	0,000486959994	0	48,076225280762	2,068449258804	11,025026321411	27,590885162354	11,239407539368	0	0	0,004332649987	0	-13,996056556702	0	0	18,200000762939	47	22,411823272705	970,808837890625	12	1,155542135239	22,186388015747	24	912,663146972656	100	0
970,876159667969	41998,656712962962	105	0,016100041568	49,237354278564	52	340	2,4	-30	-2	44,80883026123	44,277526855469	44,80883026123	7,419230937958	2,4	10,535117149353	235	12	0,002082980005	0,00008962	0,000477680005	0,001195420045	0,000486959994	0	48,076225280762	2,068449258804	11,025026321411	27,590885162354	11,239407539368	0	0	0,004332649987	0	-13,825352668762	0	0	18,200000762939	47	22,622203826904	970,85498046875	12	1,155553817749	22,186626434326	24	912,663146972656	100	0
970,895385742188	41998,656828703701	105	0,02122800611	49,184143066406	52	340	2,4	-30	-2	45,022678375244	44,491374969482	45,022678375244	7,393269062042	2,4	10,535117149353	235	12	0,002082980005	0,00008962	0,000477680005	0,001195420045	0,000486959994	0	48,076225280762	2,068449258804	11,025026321411	27,590885162354	11,239407539368	0	0	0,004332649987	0	-13,910985946655	0	0	18,200000762939	47	22,836317062378	970,880981445312	12	1,155537486076	22,186361312866	24	912,663146972656	100	0
970,933837890625	41998,656944444447	105	0,020397210494	49,172584533691	52	340	2,4	-30	-2	45,123035430908	44,591732025146	45,123035430908	7,356730937958	2,4	10,535117149353	235	12	0,002082980005	0,00008962	0,000477680005	0,001195420045	0,000486959994	0	48,076225280762	2,068449258804	11,025026321411	27,590885162354	11,239407539368	0	0	0,004332649987	0	-13,971267700195	0	0	18,200000762939	47	22,936897277832	970,91748046875	12	1,15552675724	22,186140060425	24	912,663146972656	100	0
970,953063964844	41998,657060185193	105	0,019022122025	49,409938812256	52	340	2,4	-30	-2	44,794807434082	44,26350402832	44,794807434082	7,33173084259	2,4	10,535117149353	235	12	0,002082980005	0,00008962	0,000477680005	0,001195420045	0,000486959994	0	48,076225280762	2,068449258804	11,025026321411	27,590885162354	11,239407539368	0	0	0,004332649987	0	-14,037747383118	0	0	18,200000762939	47	22,609027862549	970,942504882812	12	1,155508756638	22,185779571533	24	912,663146972656	100	0
970,991516113281	41998,657175925917	105	0,01271959953	49,416515350342	52	340	2,4	-30	-2	45,046493530273	44,515186309814	45,046493530273	7,304807662964	2,4	10,535117149353	235	12	0,002082980005	0,00008962	0,000477680005	0,001195420045	0,000486959994	0	48,076225280762	2,068449258804	11,025026321411	27,590885162354	11,239407539368	0	0	0,004332649987	0	-14,130704879761	0	0	18,200000762939	47	22,860584259033	970,969421386719	12	1,155515551567	22,185907363892	24	912,663146972656	100	0
971,030029296875	41998,657291666656	105	0,011545049027	49,428672790527	52	340	2,4	-30	-2	44,699867248535	44,168560028076	44,699867248535	7,259615421295	2,4	11,936339378357	235	12	0,002082980005	0,00008962	0,000477680005	0,001195420045	0,000486959994	0	48,076225280762	2,068449258804	11,025026321411	27,590885162354	11,239407539368	0	0	0,004332649987	0	-14,568450927734	0	0	18,200000762939	47	22,513938903809	971,0146484375	12	1,155519962311	22,185928344727	24	912,663146972656	100	0
971,078063964844	41998,657407407409	105	0,013664992526	49,49503326416	52	340	2,4	-30	-2	45,025989532471	44,494686126709	45,025989532471	7,216346263885	2,4	11,936339378357	235	12	0,00166090799	0,000036916001	0,000403095997	0,001126387971	0,000448864012	0	45,045181274414	0,954373955727	10,962203979492	30,78284072876	12,255400657654	0	0	0,003676170018	0	-14,77352142334	0	0	18,200000762939	47	22,839393615723	971,057861328125	12	1,155553817749	22,186595916748	24	912,663146972656	100	0
971,097290039062	41998,657523148155	105	0,018449176103	49,501411437988	52	340	2,4	-30	-2	45,070728302002	44,539421081543	45,070728302002	7,182692527771	2,4	11,936339378357	235	12	0,001555389958	0,00002374	0,000384449988	0,001109129982	0,000439339987	0	44,287418365479	0,675855100155	10,946497917175	31,580829620361	12,509398460388	0	0	0,003512050025	0	-14,7132396698	0	0	18,200000762939	47	22,884080886841	971,091552734375	12	1,15555357933	22,186645507812	24	912,663146972656	100	0
971,145385742188	41998,657638888886	105	0,021285314113	49,561199188232	52	340	2,4	-30	-2	45,020332336426	44,489025115967	45,020332336426	7,140384674072	2,4	11,936339378357	235	12	0,001555389958	0,00002374	0,000384449988	0,001109129982	0,000439339987	0	44,287418365479	0,675855100155	10,946497917175	31,580829620361	12,509398460388	0	0	0,003512050025	0	-14,4118309021	0	0	18,200000762939	47	22,834011077881	971,133850097656	12	1,155533194542	22,186319351196	24	912,663146972656	100	0
971,174255371094	41998,657754629632	105	0,018878892064	49,482875823975	52	340	2,4	-30	-2	45,018161773682	44,48685836792	45,018161773682	7,106730937958	2,4	11,936339378357	235	12	0,001555389958	0,00002374	0,000384449988	0,001109129982	0,000439339987	0	44,287418365479	0,675855100155	10,946497917175	31,580829620361	12,509398460388	0	0	0,003512050025	0	-13,965070724487	0	0	18,200000762939	47	22,832695007324	971,167541503906	12	1,155491113663	22,185470581055	24	912,663146972656	100	0
971,212707519531	41998,657870370371	105	0,013006088324	49,455574035645	52	340	2,4	-30	-2	44,979862213135	44,448558807373	44,979862213135	7,074038505554	2,4	13,979290008545	235	12	0,001555389958	0,00002374	0,000384449988	0,001109129982	0,000439339987	0	44,287418365479	0,675855100155	10,946497917175	31,580829620361	12,509398460388	0	0	0,003512050025	0	-14,08225440979	0	0	18,200000762939	47	22,794702529907	971,2001953125	12	1,155475497246	22,185159683228	24	912,663146972656	100	0
971,251159667969	41998,657986111109	105	0,01019859314	49,315277099609	52	340	2,4	-30	-2	44,836166381836	44,304862976074	44,836166381836	7,041346073151	2,4	13,979290008545	235	12	0,001555389958	0,00002374	0,000384449988	0,001109129982	0,000439339987	0	44,287418365479	0,675855100155	10,946497917175	31,580829620361	12,509398460388	0	0	0,003512050025	0	-14,0146484375	0	0	18,200000762939	47	22,651081085205	971,232849121094	12	1,155475735664	22,185085296631	24	912,663146972656	100	0
971,280029296875	41998,658101851848	105	0,010055348277	49,350749969482	52	340	2,4	-30	-2	44,972942352295	44,441638946533	44,972942352295	7,012499809265	2,4	13,979290008545	235	12	0,001555389958	0,00002374	0,000384449988	0,001109129982	0,000439339987	0	44,287418365479	0,675855100155	10,946497917175	31,580829620361	12,509398460388	0	0	0,003512050025	0	-15,05295753479	0	0	18,200000762939	47	22,787237167358	971,26171875	12	1,155507445335	22,185707092285	24	912,663146972656	100	0
971,308837890625	41998,658217592594	105	0,014954130165	49,48168182373	52	340	2,4	-30	-2	44,57458114624	44,043277740479	44,57458114624	6,976922988892	2,4	13,979290008545	235	12	0,001555389958	0,00002374	0,000384449988	0,001109129982	0,000439339987	0	44,287418365479	0,675855100155	10,946497917175	31,580829620361	12,509398460388	0	0	0,003512050025	0	-15,279999732971	0	0	18,200000762939	47	22,38854598999	971,297302246094	12	1,155524253845	22,186038970947	24	912,663146972656	100	0
971,308837890625	41998,658333333326	105	0,013865511864	49,698307037354	52	340	2,4	-30	-2	44,861907958984	44,330600738525	44,861907958984	6,965384483337	2,4	13,979290008545	235	12	0,001555389958	0,00002374	0,000384449988	0,001109129982	0,000439339987	0	44,287418365479	0,675855100155	10,946497917175	31,580829620361	12,509398460388	0	0	0,003512050025	0	-15,159999847412	0	0	18,200000762939	47	22,675678253174	971,308837890625	12	1,155533432961	22,186229705811	24	912,663146972656	100	0
971,366516113281	41998,658449074079	105	0,012032045983	49,756698608398	52	340	2,4	-30	-2	44,816146850586	44,284843444824	44,816146850586	6,93461561203	2,4	13,979290008545	235	12	0,001290029963	0,000022300001	0,000353457988	0,000989706023	0,000443316007	0	41,538280487061	0,721127808094	11,42210483551	31,950574874878	14,367917060852	0	0	0,003098810092	0	-15,201127052307	0	0	18,200000762939	47	22,630220413208	971,339599609375	12	1,1555134058	22,185926437378	24	912,663146972656	100	0
971,414611816406	41998,658564814818	105	0,006703538354	49,688743591309	52	340	2,4	-30	-2	44,626277923584	44,094970703125	44,626277923584	6,873076915741	2,4	12,115385055542	235	12	0,001223689993	0,000021940001	0,000345709996	0,000959849975	0,00044430999	0	40,850997924805	0,732445955276	11,541007041931	32,04301071167	14,832547187805	0	0	0,002995500108	0	-15,259155273438	0	0	18,200000762939	47	22,440811157227	971,401123046875	12	1,155493378639	22,185466766357	24	912,663146972656	100	0
971,433837890625	41998,658680555563	105	0,006760832854	49,510578155518	52	340	2,4	-30	-2	44,754863739014	44,223560333252	44,754863739014	6,846153736115	2,4	12,115385055542	235	12	0,001223689993	0,000021940001	0,000345709996	0,000959849975	0,00044430999	0	40,850997924805	0,732445955276	11,541007041931	32,04301071167	14,832547187805	0	0	0,002995500108	0	-15,489577293396	0	0	18,200000762939	47	22,569278717041	971,428100585938	12	1,155498981476	22,185585021973	24	912,663146972656	100	0
971,453063964844	41998,658796296288	105	0,009482385591	49,320259094238	52	340	2,4	-30	-2	44,93042755127	44,399124145508	44,93042755127	6,83173084259	2,4	12,115385055542	235	12	0,001223689993	0,000021940001	0,000345709996	0,000959849975	0,00044430999	0	40,850997924805	0,732445955276	11,541007041931	32,04301071167	14,832547187805	0	0	0,002995500108	0	-15,405633926392	0	0	18,200000762939	47	22,744413375854	971,442504882812	12	1,155525922775	22,186014175415	24	912,663146972656	100	0
971,48193359375	41998,658912037034	105	0,011917465366	49,443416595459	52	340	2,4	-30	-2	44,783477783203	44,252174377441	44,783477783203	6,805769443512	2,4	12,115385055542	235	12	0,001223689993	0,000021940001	0,000345709996	0,000959849975	0,00044430999	0	40,850997924805	0,732445955276	11,541007041931	32,04301071167	14,832547187805	0	0	0,002995500108	0	-15,625351905823	0	0	18,200000762939	47	22,59716796875	971,468444824219	12	1,155535459518	22,186311721802	24	912,663146972656	100	0
971,5107421875	41998,65902777778	105	0,012748257257	49,370677947998	52	340	2,4	-30	-2	44,69095993042	44,159656524658	44,69095993042	6,777884483337	2,4	12,115385055542	235	12	0,001223689993	0,000021940001	0,000345709996	0,000959849975	0,00044430999	0	40,850997924805	0,732445955276	11,541007041931	32,04301071167	14,832547187805	0	0	0,002995500108	0	-15,167887687683	0	0	18,200000762939	47	22,50471496582	971,496337890625	12	1,155532717705	22,1862449646	24	912,663146972656	100	0
971,549255371094	41998,659143518518	105	0,013980112039	49,480087280273	52	340	2,4	-30	-2	45,071834564209	44,540531158447	45,071834564209	6,74711561203	2,4	12,115385055542	235	12	0,001223689993	0,000021940001	0,000345709996	0,000959849975	0,00044430999	0	40,850997924805	0,732445955276	11,541007041931	32,04301071167	14,832547187805	0	0	0,002995500108	0	-14,883380889893	0	0	18,200000762939	47	22,885948181152	971,527099609375	12	1,1555134058	22,185886383057	24	912,663146972656	100	0
971,568481445312	41998,659259259264	105	0,014467113651	49,32165145874	52	340	2,4	-30	-2	44,996421813965	44,465118408203	44,996421813965	6,716346263885	2,4	12,115385055542	235	12	0,001223689993	0,000021940001	0,000345709996	0,000959849975	0,00044430999	0	40,850997924805	0,732445955276	11,541007041931	32,04301071167	14,832547187805	0	0	0,002995500108	0	-15,16845035553	0	0	18,200000762939	47	22,810514450073	971,557861328125	12	1,155516982079	22,185907363892	24	912,663146972656	100	0
971,616516113281	41998,659375000003	105	0,014295214787	49,525524139404	52	340	2,4	-30	-2	44,986064910889	44,454761505127	44,986064910889	6,683653831482	2,4	9,957850456238	235	12	0,001223689993	0,000021940001	0,000345709996	0,000959849975	0,00044430999	0	40,850997924805	0,732445955276	11,541007041931	32,04301071167	14,832547187805	0	0	0,002995500108	0	-14,846197128296	0	0	18,200000762939	47	22,799533843994	971,590576171875	12	1,155554056168	22,186531066895	24	912,663146972656	100	0
971,645385742188	41998,659490740734	105	0,016959467903	49,629554748535	52	340	2,4	-30	-2	44,673023223877	44,141719818115	44,673023223877	6,631730556488	2,4	9,957850456238	235	12	0,001055122004	0,000011956	0,000316141988	0,000908626011	0,000417973992	0	38,885177612305	0,433277666569	11,669930458069	33,571170806885	15,440442085266	0	0	0,002709819935	0	-15,045070648193	0	0	18,200000762939	47	22,486158370972	971,642517089844	12	1,155564665794	22,186866760254	24	912,663146972656	100	0
971,655029296875	41998,65960648148	105	0,019824258983	49,521141052246	52	340	2,4	-30	-2	44,985740661621	44,454437255859	44,985740661621	6,625961303711	2,4	9,957850456238	235	12	0,001012980007	0,00000946	0,000308749994	0,000895819976	0,000411390007	0	38,39372253418	0,358485609293	11,702160835266	33,953212738037	15,592415809631	0	0	0,002638400067	0	-15,454084396362	0	0	18,200000762939	47	22,798875808716	971,648254394531	12	1,155565261841	22,186866760254	24	912,663146972656	100	0
971,683837890625	41998,659722222219	105	0,021629082039	49,125953674316	52	340	2,4	-30	-2	44,887722015381	44,356418609619	44,887722015381	6,601922988892	2,4	9,957850456238	235	12	0,001012980007	0,00000946	0,000308749994	0,000895819976	0,000411390007	0	38,39372253418	0,358485609293	11,702160835266	33,953212738037	15,592415809631	0	0	0,002638400067	0	-14,901408195496	0	0	18,200000762939	47	22,701700210571	971,672302246094	12	1,155516147614	22,18602180481	24	912,663146972656	100	0
971,712707519531	41998,659837962958	9,809888839722	0,022087447345	48,988842010498	32,763698577881	129,056564331055	1,161672234535	0	14,076056480408	44,489543914795	43,958240509033	44,489543914795	6,577884674072	0	9,957850456238	6,025396823883	10,153845787048	0,001012980007	0,00000946	0,000308749994	0,000895819976	0,000411390007	0	38,39372253418	0,358485609293	11,702160835266	33,953212738037	15,592415809631	0	0	0,002638400067	0	-14,418591499329	0	0	18,200000762939	47	22,304107666016	971,696350097656	0	1,155491113663	22,185438156128	8,106730461121	912,663146972656	100	0
971,73193359375	41998,659953703696	10,360059738159	0,019308608025	49,079917907715	32,604110717773	135,807342529297	1,149536728859	0	14,954929351807	44,256416320801	43,725109100342	44,256416320801	6,550961494446	0	9,957850456238	6,025396823883	9,923076629639	0,001012980007	0,00000946	0,000308749994	0,000895819976	0,000411390007	0	38,39372253418	0,358485609293	11,702160835266	33,953212738037	15,592415809631	0	0	0,002638400067	0	-14,810140609741	0	0	18,200000762939	47	22,07110786438	971,723266601562	0	1,155485153198	22,185306549072	7,963510990143	912,663146972656	100	0
971,7607421875	41998,66006944445	10,244349479675	0,017618387938	49,335205078125	32,498382568359	139,852569580078	1,181190729141	0	15,214084625244	44,864318847656	44,333015441895	44,864318847656	6,524038314819	0	9,957850456238	6,025396823883	9,576922416687	0,001012980007	0,00000946	0,000308749994	0,000895819976	0,000411390007	0	38,39372253418	0,358485609293	11,702160835266	33,953212738037	15,592415809631	0	0	0,002638400067	0	-14,679436683655	0	0	18,200000762939	47	22,678861618042	971,750183105469	0	1,155491948128	22,185459136963	7,753485202789	912,663146972656	100	0
971,808837890625	41998,660185185196	9,667979240417	0,01478225179	49,207859039307	32,659801483154	137,352828979492	1,179892539978	0	14,211268424988	44,839618682861	44,3083152771	44,839618682861	6,481730937958	0	10,384614944458	5,777777671814	9	0,001012980007	0,00000946	0,000308749994	0,000895819976	0,000411390007	0	38,39372253418	0,358485609293	11,702160835266	33,953212738037	15,592415809631	0	0	0,002638400067	0	-14,425352096558	0	0	18,200000762939	47	22,653936386108	971,79248046875	0	1,155506372452	22,185682296753	8,545120239258	912,663146972656	100	0
971,828063964844	41998,660300925927	9,600299835205	0,01309203729	49,101837158203	32,462261199951	138,677551269531	1,174167871475	0	14,239437103271	44,72989654541	44,198589324951	44,72989654541	6,446153640747	0	10,384614944458	5,777777671814	10,788460731506	0,001012980007	0,00000946	0,000308749994	0,000895819976	0,000411390007	0	38,39372253418	0,358485609293	11,702160835266	33,953212738037	15,592415809631	0	0	0,002638400067	0	-14,213521957397	0	0	18,200000762939	47	22,544025421143	971,828063964844	0	1,155515313148	22,185871124268	8,732440948486	912,663146972656	100	0
971,876159667969	41998,660416666666	9,687628746033	0,011229925789	48,53267288208	32,667289733887	145,394638061523	1,183306694031	0	13,614085197449	44,905700683594	44,374397277832	44,905700683594	6,41538476944	0	10,384614944458	5,777777671814	11,192307472229	0,001012980007	0,00000946	0,000308749994	0,000895819976	0,000411390007	0	38,39372253418	0,358485609293	11,702160835266	33,953212738037	15,592415809631	0	0	0,002638400067	0	-13,847887992859	0	0	18,200000762939	47	22,719488143921	971,858825683594	0	1,155534267426	22,186212539673	8,322432518005	912,663146972656	100	0
971,895385742188	41998,660532407404	10,115539550781	0,010055365972	48,719802856445	32,70809173584	143,355194091797	1,164731740952	0	13,6028175354	44,549247741699	44,017944335938	44,549247741699	6,388461589813	0	10,384614944458	5,777777671814	11,365384101868	0,000938437006	0,000012519	0,000310283009	0,000894616009	0,000438227988	0	36,159610748291	0,483485728502	11,963046073914	34,490783691406	16,903076171875	0	0	0,002594083082	0	-13,996056556702	0	0	18,200000762939	47	22,362852096558	971,8857421875	0	1,155540347099	22,18639755249	8,48486328125	912,663146972656	100	0
971,943481445312	41998,660648148143	9,576284408569	0,010828851722	48,686920166016	32,511657714844	137,843048095703	1,174871325493	0	13,726760864258	44,743740081787	44,212436676025	44,743740081787	6,350961685181	0	10,384614944458	5,777777671814	11,999999046326	0,000906490022	0,00001383	0,000310939999	0,000894099998	0,000449729996	0	35,202136993408	0,537057220936	12,074853897095	34,721168518066	17,464786529541	0	0	0,002575089922	0	-13,701365470886	0	0	18,200000762939	47	22,557531356812	971,923278808594	0	1,155530452728	22,186208724976	8,382252693176	912,663146972656	100	0
971,972290039062	41998,660763888889	10,242166519165	0,013407158665	49,211647033691	32,603855133057	139,841339111328	1,166944980621	0	14,380282402039	44,591274261475	44,059967041016	44,591274261475	6,307692527771	0	10,384614944458	5,777777671814	12,980768203735	0,000906490022	0,00001383	0,000310939999	0,000894099998	0,000449729996	0	35,202136993408	0,537057220936	12,074853897095	34,721168518066	17,464786529541	0	0	0,002575089922	0	-14,179155349731	0	0	18,200000762939	47	22,405344009399	971,966552734375	0	1,155515313148	22,185928344727	8,618913650513	912,663146972656	100	0
972,020385742188	41998,660879629642	9,006464004517	0,011630980298	48,802108764648	32,510890960693	135,96076965332	1,164062738419	0	14,329577445984	44,53572845459	44,004421234131	44,53572845459	6,278846263885	0	12,115385055542	4,952381134033	12,173076629639	0,000906490022	0,00001383	0,000310939999	0,000894099998	0,000449729996	0	35,202136993408	0,537057220936	12,074853897095	34,721168518066	17,464786529541	0	0	0,002575089922	0	-14,523943901062	0	0	18,200000762939	47	22,350004196167	971,995361328125	0	1,155506014824	22,185722351074	8,444692611694	912,663146972656	100	0
972,068481445312	41998,660995370366	8,818707466125	0,013693618588	48,93204498291	32,614067077637	140,140716552734	1,16431427002	0	14,509859085083	44,540576934814	44,009269714355	44,540576934814	6,232692241669	0	12,115385055542	4,952381134033	12,807691574097	0,000906490022	0,00001383	0,000310939999	0,000894099998	0,000449729996	0	35,202136993408	0,537057220936	12,074853897095	34,721168518066	17,464786529541	0	0	0,002575089922	0	-14,437183380127	0	0	18,200000762939	47	22,354835510254	972,041564941406	0	1,155506968498	22,185739517212	8,783528327942	912,663146972656	100	0
972,087707519531	41998,661111111112	9,788056373596	0,014925463125	48,752487182617	32,850280761719	139,186477661133	1,14515042305	0	15,321126937866	44,172687530518	43,641380310059	44,172687530518	6,191346168518	0	12,115385055542	4,952381134033	13,442307472229	0,000906490022	0,00001383	0,000310939999	0,000894099998	0,000449729996	0	35,202136993408	0,537057220936	12,074853897095	34,721168518066	17,464786529541	0	0	0,002575089922	0	-14,928450584412	0	0	18,200000762939	47	21,986888885498	972,082885742188	0	1,155511498451	22,185796737671	8,909718513489	912,663146972656	100	0
972,087707519531	41998,661226851851	9,375428199768	0,016185956076	49,167205810547	32,424564361572	135,605270385742	1,183970093727	0	13,55211353302	44,918022155762	44,38671875	44,918022155762	6,186538696289	0	12,115385055542	4,952381134033	12,115384101868	0,000906490022	0,00001383	0,000310939999	0,000894099998	0,000449729996	0	35,202136993408	0,537057220936	12,074853897095	34,721168518066	17,464786529541	0	0	0,002575089922	0	-14,197183609009	0	0	18,200000762939	47	22,732225418091	972,087707519531	0	1,155510187149	22,185796737671	8,990934371948	912,663146972656	100	0
972,097290039062	41998,661342592583	10,032577514648	0,012690925971	48,661808013916	32,492725372314	130,837814331055	1,188104748726	0	13,946479797363	44,997398376465	44,466091156006	44,997398376465	6,18461561203	0	12,115385055542	4,952381134033	9,98076915741	0,000906490022	0,00001383	0,000310939999	0,000894099998	0,000449729996	0	35,202136993408	0,537057220936	12,074853897095	34,721168518066	17,464786529541	0	0	0,002575089922	0	-13,817464828491	0	0	18,200000762939	47	22,811613082886	972,089599609375	0	1,155509352684	22,185785293579	8,26042842865	912,663146972656	100	0
972,155029296875	41998,661458333328	9,967081069946	0,009539683349	48,88521194458	32,945369720459	138,258422851562	1,179103255272	0	13,85070514679	44,824501037598	44,293197631836	44,824501037598	6,14711523056	0	12,115385055542	4,952381134033	9,634614944458	0,000906490022	0,00001383	0,000310939999	0,000894099998	0,000449729996	0	35,202136993408	0,537057220936	12,074853897095	34,721168518066	17,464786529541	0	0	0,002575089922	0	-13,747042655945	0	0	18,200000762939	47	22,638784408569	972,127136230469	0	1,155506134033	22,185718536377	8,025514602661	912,663146972656	100	0
972,164611816406	41998,661574074082	9,982362747192	0,00896674674	48,776203155518	32,996425628662	137,221862792969	1,184273123741	0	14,273240089417	44,924045562744	44,392742156982	44,924045562744	6,109615325928	0	12,115385055542	4,952381134033	10,153845787048	0,000848733005	0,000010806	0,000286930008	0,000857973006	0,000442744	0	34,670024871826	0,439249008894	11,716768264771	35,067405700684	18,106548309326	0	0	0,002447179053	0	-14,203944206238	0	0	18,200000762939	47	22,73804473877	972,164611816406	0	1,155521273613	22,186000823975	8,515865325928	912,663146972656	100	0
972,203063964844	41998,661689814806	10,770505905151	0,010542375036	49,181354522705	32,877807617188	141,050048828125	1,192411065102	0	14,932394981384	45,080135345459	44,548831939697	45,080135345459	6,086538314819	0	9,615385055542	6,239999771118	8,76923084259	0,000823980023	0,00000951	0,000276639999	0,000842490001	0,000439750002	0	34,44197845459	0,397331207991	11,563302993774	35,215793609619	18,381589889526	0	0	0,002392360009	0	-14,679436683655	0	0	18,200000762939	47	22,894292831421	972,187683105469	0	1,155510663986	22,185842514038	7,897577762604	912,663146972656	100	0
972,23193359375	41998,661805555559	10,23779964447	0,009826177731	49,207660675049	33,023654937744	134,059768676758	1,183649778366	0	15,360563278198	44,911632537842	44,38032913208	44,911632537842	6,058653831482	0	9,615385055542	6,239999771118	7,961538314819	0,000823980023	0,00000951	0,000276639999	0,000842490001	0,000439750002	0	34,44197845459	0,397331207991	11,563302993774	35,215793609619	18,381589889526	0	0	0,002392360009	0	-14,665915489197	0	0	18,200000762939	47	22,726078033447	972,215576171875	0	1,155497074127	22,185556411743	7,688861846924	912,663146972656	100	0
972,289611816406	41998,661921296298	9,497688293457	0,011716934852	49,320858001709	32,792629241943	133,895126342773	1,185479879379	0	14,757746696472	44,946624755859	44,415321350098	44,946624755859	6,012499809265	0	9,615385055542	6,239999771118	10,442307472229	0,000823980023	0,00000951	0,000276639999	0,000842490001	0,000439750002	0	34,44197845459	0,397331207991	11,563302993774	35,215793609619	18,381589889526	0	0	0,002392360009	0	-15,042253494263	0	0	18,200000762939	47	22,761213302612	972,26171875	0	1,155493021011	22,185413360596	8,402338027954	912,663146972656	100	0
972,318481445312	41998,662037037036	9,663613319397	0,014610365964	49,421695709229	32,864318847656	139,137817382812	1,172377943993	0	15,242253303528	44,695777893066	44,164470672607	44,695777893066	5,965384483337	0	9,615385055542	6,239999771118	13,153845787048	0,000823980023	0,00000951	0,000276639999	0,000842490001	0,000439750002	0	34,44197845459	0,397331207991	11,563302993774	35,215793609619	18,381589889526	0	0	0,002392360009	0	-14,983662605286	0	0	18,200000762939	47	22,509656906128	972,308837890625	0	1,155528903008	22,18611907959	8,417620658875	912,663146972656	100	0
972,347290039062	41998,662152777775	9,851369857788	0,015126014128	49,347759246826	32,710178375244	137,401489257812	1,153225421906	0	15,354929924011	44,328132629395	43,796829223633	44,328132629395	5,939423084259	0	9,615385055542	6,239999771118	12,461538314819	0,000823980023	0,00000951	0,000276639999	0,000842490001	0,000439750002	0	34,44197845459	0,397331207991	11,563302993774	35,215793609619	18,381589889526	0	0	0,002392360009	0	-15,282253265381	0	0	18,200000762939	47	22,141929626465	972,334838867188	0	1,155531048775	22,186204910278	8,643801689148	912,663146972656	100	0
972,3857421875	41998,662268518514	10,135188102722	0,013292558491	49,307106018066	32,61376953125	135,107559204102	1,159939408302	0	14,566197395325	44,457035064697	43,925731658936	44,457035064697	5,901923179626	0	9,615385055542	6,239999771118	12,461538314819	0,000823980023	0,00000951	0,000276639999	0,000842490001	0,000439750002	0	34,44197845459	0,397331207991	11,563302993774	35,215793609619	18,381589889526	0	0	0,002392360009	0	-15,121127128601	0	0	18,200000762939	47	22,270837783813	972,372314453125	0	1,155528903008	22,186197280884	8,534641265869	912,663146972656	100	0
972,3857421875	41998,662384259253	10,942979812622	0,008508372121	49,355731964111	32,870788574219	139,48957824707	1,152922391891	0	14,60000038147	44,322006225586	43,790699005127	44,322006225586	5,888461589813	0	9,615385055542	6,239999771118	11,884614944458	0,000823980023	0,00000951	0,000276639999	0,000842490001	0,000439750002	0	34,44197845459	0,397331207991	11,563302993774	35,215793609619	18,381589889526	0	0	0,002392360009	0	-14,6580286026	0	0	18,200000762939	47	22,136110305786	972,3857421875	0	1,155517220497	22,185894012451	7,547389030457	912,663146972656	100	0
972,3857421875	41998,662499999999	11,602312088013	0,011716930196	49,543262481689	32,632659912109	138,965682983398	1,179852485657	0	14,53239440918	44,839241027832	44,30793762207	44,839241027832	5,888461589813	0	9,615385055542	6,239999771118	10,211538314819	0,000823980023	0,00000951	0,000276639999	0,000842490001	0,000439750002	0	34,44197845459	0,397331207991	11,563302993774	35,215793609619	18,381589889526	0	0	0,002392360009	0	-14,450140953064	0	0	18,200000762939	47	22,653167724609	972,3857421875	0	1,155523777008	22,186075210571	6,914255619049	912,663146972656	100	0
972,414611816406	41998,662615740737	11,290111541748	0,015870865434	49,754108428955	33,033695220947	134,100936889648	1,173767566681	0	15,112676620483	44,722240447998	44,190937042236	44,722240447998	5,875	0	9,564777374268	6,273015975952	8,25	0,000935466029	0,000014022	0,000296542014	0,000874763995	0,000416613999	0	36,777889251709	0,546755492687	11,68230342865	34,502033233643	16,491010665894	0	0	0,002537403954	0	-14,961127281189	0	0	18,200000762939	47	22,536338806152	972,399230957031	0	1,155514836311	22,185903549194	6,625197410583	912,663146972656	100	0
972,433837890625	41998,662731481483	11,750770568848	0,021772325039	49,890022277832	33,027824401855	140,511184692383	1,182574629784	0	14,695775032043	44,891235351562	44,359931945801	44,891235351562	5,85288476944	0	9,564777374268	6,273015975952	6,749999523163	0,001009789994	0,000017030001	0,000309810013	0,000896279991	0,000401189987	0	38,335163116455	0,646371662617	11,761636734009	34,026195526123	15,230623245239	0	0	0,002634099917	0	-14,845070838928	0	0	18,200000762939	47	22,705432891846	972,42138671875	0	1,155508875847	22,185800552368	6,66886138916	912,663146972656	100	0
972,453063964844	41998,662847222222	11,567380905151	0,023806320503	49,93546295166	33,588069915771	129,864868164062	1,179166197777	0	14,780282020569	44,825588226318	44,294284820557	44,825588226318	5,828845977783	0	9,564777374268	6,273015975952	6,634614944458	0,001009789994	0,000017030001	0,000309810013	0,000896279991	0,000401189987	0	38,335163116455	0,646371662617	11,761636734009	34,026195526123	15,230623245239	0	0	0,002634099917	0	-14,683943748474	0	0	18,200000762939	47	22,639991760254	972,445373535156	0	1,155498743057	22,185596466064	6,678030967712	912,663146972656	100	0
972,501159667969	41998,662962962961	10,87966632843	0,021313948557	50,076557159424	32,840621948242	137,27799987793	1,174436688423	0	14,904225349426	44,734683990479	44,203380584717	44,734683990479	5,785576820374	0	9,564777374268	6,273015975952	6,98076915741	0,001009789994	0,000017030001	0,000309810013	0,000896279991	0,000401189987	0	38,335163116455	0,646371662617	11,761636734009	34,026195526123	15,230623245239	0	0	0,002634099917	0	-15,060845375061	0	0	18,200000762939	47	22,549186706543	972,488647460938	0	1,155495166779	22,185499191284	7,200694084167	912,663146972656	100	0
972,539611816406	41998,663078703699	10,685359954834	0,014323873445	49,934265136719	33,050670623779	130,351333618164	1,182997822762	0	14,380282402039	44,898857116699	44,367553710938	44,898857116699	5,766345977783	0	9,564777374268	6,273015975952	7,326922893524	0,001009789994	0,000017030001	0,000309810013	0,000896279991	0,000401189987	0	38,335163116455	0,646371662617	11,761636734009	34,026195526123	15,230623245239	0	0	0,002634099917	0	-14,654085159302	0	0	18,200000762939	47	22,713558197021	972,507873535156	0	1,15548324585	22,185298919678	7,10201215744	912,663146972656	100	0
972,558837890625	41998,663194444445	10,4015417099	0,009167269804	49,900188446045	32,949241638184	133,913833618164	1,177810788155	0	14,171831130981	44,799110412598	44,267807006836	44,799110412598	5,728846073151	0	9,564777374268	6,273015975952	9,576922416687	0,001009789994	0,000017030001	0,000309810013	0,000896279991	0,000401189987	0	38,335163116455	0,646371662617	11,761636734009	34,026195526123	15,230623245239	0	0	0,002634099917	0	-14,450140953064	0	0	18,200000762939	47	22,613969802856	972,54541015625	0	1,15547645092	22,18514251709	7,636464595795	912,663146972656	100	0
972,597290039062	41998,663310185184	10,427740097046	0,005500348751	49,637725830078	32,975620269775	135,05891418457	1,186766624451	0	14,402816772461	44,97106552124	44,439762115479	44,97106552124	5,699999809265	0	9,564777374268	6,273015975952	10,5	0,001009789994	0,000017030001	0,000309810013	0,000896279991	0,000401189987	0	38,335163116455	0,646371662617	11,761636734009	34,026195526123	15,230623245239	0	0	0,002634099917	0	-14,446761131287	0	0	18,200000762939	47	22,785919189453	972,57421875	0	1,155475139618	22,185146331787	7,706327438354	912,663146972656	100	0
972,597290039062	41998,66342592593	11,04559135437	0,008680250496	49,803932189941	32,876998901367	127,634559631348	1,183712720871	0	14,307043075562	44,912464141846	44,381160736084	44,912464141846	5,676923274994	0	9,564777374268	6,273015975952	10,557691574097	0,001009789994	0,000017030001	0,000309810013	0,000896279991	0,000401189987	0	38,335163116455	0,646371662617	11,761636734009	34,026195526123	15,230623245239	0	0	0,002634099917	0	-14,308169364929	0	0	18,200000762939	47	22,727283477783	972,597290039062	0	1,155479431152	22,185180664062	7,668776035309	912,663146972656	100	0
972,626159667969	41998,663541666661	11,344692230225	0,008737551048	49,723815917969	32,653079986572	135,758697509766	1,189660310745	0	14,487324714661	45,027137756348	44,495830535889	45,027137756348	5,656730651855	0	9,440559387207	6,355555534363	10,326922416687	0,001009789994	0,000017030001	0,000309810013	0,000896279991	0,000401189987	0	38,335163116455	0,646371662617	11,761636734009	34,026195526123	15,230623245239	0	0	0,002634099917	0	-14,65070438385	0	0	18,200000762939	47	22,841478347778	972,617492675781	0	1,155505537987	22,185657501221	7,135197162628	912,663146972656	100	0
972,655029296875	41998,663657407407	11,080522537231	0,016844907776	49,661640167236	33,011444091797	139,04052734375	1,180750370026	0	14,36901473999	44,856224060059	44,3249168396	44,856224060059	5,633653640747	0	9,440559387207	6,355555534363	9,115384101868	0,001198615995	0,000027992	0,000349679991	0,000990023953	0,000421565986	0	39,985721588135	0,915598869324	11,707584381104	33,199871063232	14,191211700439	0	0	0,002987877931	0	-14,175775527954	0	0	18,200000762939	47	22,670406341553	972,640563964844	0	1,155512094498	22,185815811157	6,932594776154	912,663146972656	100	0
972,712707519531	41998,663773148153	10,23343372345	0,021313980222	49,523132324219	32,82368850708	142,045440673828	1,180572986603	0	13,878873825073	44,852981567383	44,321678161621	44,852981567383	5,58461523056	0	9,440559387207	6,355555534363	10,903845787048	0,001324499957	0,0000353	0,000376259995	0,001052520005	0,000435149996	0	41,086093902588	1,095083713531	11,671549797058	32,648990631104	13,49827003479	0	0	0,003223730018	0	-14,349859237671	0	0	18,200000762939	47	22,667003631592	972,689636230469	0	1,155519723892	22,18597984314	7,792783260345	912,663146972656	100	0
972,73193359375	41998,663888888877	10,115539550781	0,023061484098	49,574550628662	32,75855255127	134,669738769531	1,192005038261	0	14,256338119507	45,072261810303	44,540958404541	45,072261810303	5,553846359253	0	9,440559387207	6,355555534363	10,5	0,001324499957	0,0000353	0,000376259995	0,001052520005	0,000435149996	0	41,086093902588	1,095083713531	11,671549797058	32,648990631104	13,49827003479	0	0	0,003223730018	0	-14,417465209961	0	0	18,200000762939	47	22,886497497559	972,720397949219	0	1,15550661087	22,185764312744	7,934255599976	912,663146972656	100	0
972,770385742188	41998,664004629631	9,919050216675	0,015355201438	49,635334014893	32,471027374268	134,392822265625	1,192897200584	0	14,323944091797	45,089267730713	44,557964324951	45,089267730713	5,510576725006	0	9,440559387207	6,355555534363	11,365384101868	0,001324499957	0,0000353	0,000376259995	0,001052520005	0,000435149996	0	41,086093902588	1,095083713531	11,671549797058	32,648990631104	13,49827003479	0	0	0,003223730018	0	-14,236619949341	0	0	18,200000762939	47	22,90362739563	972,763671875	0	1,155502080917	22,185642242432	8,414127349854	912,663146972656	100	0
972,808837890625	41998,664120370369	9,818621635437	0,011459096335	49,59009552002	32,565093994141	136,963653564453	1,192170858383	0	15,253520965576	45,075077056885	44,543773651123	45,075077056885	5,484615325928	0	12,98076915741	4,622222423553	11,538460731506	0,001324499957	0,0000353	0,000376259995	0,001052520005	0,000435149996	0	41,086093902588	1,095083713531	11,671549797058	32,648990631104	13,49827003479	0	0	0,003223730018	0	-14,931267738342	0	0	18,200000762939	47	22,889682769775	972,789611816406	0	1,155487895012	22,185396194458	8,129872322083	912,663146972656	100	0
972,847290039062	41998,664236111123	9,879752159119	0,013664990664	49,470520019531	32,647422790527	135,167434692383	1,189380049706	0	14,492958068848	45,0212059021	44,489898681641	45,0212059021	5,446153640747	0	12,98076915741	4,622222423553	12,634614944458	0,001324499957	0,0000353	0,000376259995	0,001052520005	0,000435149996	0	41,086093902588	1,095083713531	11,671549797058	32,648990631104	13,49827003479	0	0	0,003223730018	0	-15,023098945618	0	0	18,200000762939	47	22,836097717285	972,828063964844	0	1,155473828316	22,185106277466	8,112842559814	912,663146972656	100	0
972,876159667969	41998,664351851854	10,157020568848	0,018248640001	49,462749481201	32,567008972168	134,497604370117	1,188499331474	0	14,870422363281	45,004417419434	44,473114013672	45,004417419434	5,408653736115	0	12,98076915741	4,622222423553	13,499999046326	0,001324499957	0,0000353	0,000376259995	0,001052520005	0,000435149996	0	41,086093902588	1,095083713531	11,671549797058	32,648990631104	13,49827003479	0	0	0,003223730018	0	-14,719436645508	0	0	18,200000762939	47	22,819189071655	972,865600585938	0	1,155480861664	22,185228347778	8,321995735168	912,663146972656	100	0
972,905029296875	41998,664467592593	10,40372467041	0,01859241724	49,405952453613	32,784889221191	137,70085144043	1,180733203888	0	14,904225349426	44,855316162109	44,32400894165	44,855316162109	5,379807472229	0	12,98076915741	4,622222423553	12,288460731506	0,001324499957	0,0000353	0,000376259995	0,001052520005	0,000435149996	0	41,086093902588	1,095083713531	11,671549797058	32,648990631104	13,49827003479	0	0	0,003223730018	0	-14,656338691711	0	0	18,200000762939	47	22,670078277588	972,894409179688	0	1,155481338501	22,185237884521	7,922903060913	912,663146972656	100	0
972,943481445312	41998,664583333331	9,589384078979	0,018105395138	49,335006713867	32,844879150391	131,896835327148	1,190403819084	0	14,261972427368	45,041145324707	44,509841918945	45,041145324707	5,349999904633	0	12,98076915741	4,622222423553	12,23076915741	0,001324499957	0,0000353	0,000376259995	0,001052520005	0,000435149996	0	41,086093902588	1,095083713531	11,671549797058	32,648990631104	13,49827003479	0	0	0,003223730018	0	-14,344789505005	0	0	18,200000762939	47	22,855752944946	972,924255371094	0	1,155488967896	22,185392379761	8,1032371521	912,663146972656	100	0
972,991516113281	41998,66469907407	10,172303199768	0,014295240864	49,062377929688	32,916652679443	138,995620727539	1,185645699501	0	13,83380317688	44,949752807617	44,418449401855	44,949752807617	5,301923274994	0	12,98076915741	4,622222423553	12,519229888916	0,001475387951	0,000030644002	0,000396990014	0,00105723599	0,000467520003	0	42,967498779297	0,901671111584	11,585004806519	30,91209602356	13,633726119995	0	0	0,003427777905	0	-14,0845079422	0	0	18,200000762939	47	22,76439666748	972,972290039062	0	1,155488729477	22,185356140137	8,096687316895	912,663146972656	100	0
973,020385742188	41998,664814814816	10,172303199768	0,01332121063	49,096057891846	32,782932281494	142,771423339844	1,190855503082	0	14,329577445984	45,050159454346	44,518856048584	45,050159454346	5,256730556488	0	13,31360912323	4,506666660309	13,673076629639	0,001575979986	0,00002754	0,000410809997	0,001060380018	0,000489099999	0	44,221767425537	0,77272939682	11,527307510376	29,754165649414	13,72403049469	0	0	0,003563809907	0	-14,341408729553	0	0	18,200000762939	47	22,864427566528	973,017517089844	0	1,155508875847	22,185731887817	8,532894134521	912,663146972656	100	0
973,049255371094	41998,664930555555	10,87966632843	0,010198604316	49,184940338135	33,014167785645	136,469696044922	1,19308590889	0	14,628169059753	45,093208312988	44,561904907227	45,093208312988	5,245192527771	0	13,31360912323	4,506666660309	12,057691574097	0,001575979986	0,00002754	0,000410809997	0,001060380018	0,000489099999	0	44,221767425537	0,77272939682	11,527307510376	29,754165649414	13,72403049469	0	0	0,003563809907	0	-14,70140838623	0	0	18,200000762939	47	22,907249450684	973,029052734375	0	1,155518889427	22,185960769653	7,432988643646	912,663146972656	100	0
973,097290039062	41998,665046296301	10,063142776489	0,008508381434	49,503803253174	32,901973724365	139,377319335938	1,188825368881	0	13,726760864258	45,011257171631	44,479953765869	45,011257171631	5,197115421295	0	13,31360912323	4,506666660309	12,692307472229	0,001575979986	0,00002754	0,000410809997	0,001060380018	0,000489099999	0	44,221767425537	0,77272939682	11,527307510376	29,754165649414	13,72403049469	0	0	0,003563809907	0	-14,387605667114	0	0	18,200000762939	47	22,82544708252	973,077087402344	0	1,155507445335	22,185810089111	7,774880409241	912,663146972656	100	0
973,126159667969	41998,665162037039	10,178853034973	0,009625648148	49,31029510498	32,891677856445	135,672622680664	1,173441648483	0	14,374648094177	44,715202331543	44,183898925781	44,715202331543	5,153846263885	0	13,31360912323	4,506666660309	13,557691574097	0,001575979986	0,00002754	0,000410809997	0,001060380018	0,000489099999	0	44,221767425537	0,77272939682	11,527307510376	29,754165649414	13,72403049469	0	0	0,003563809907	0	-14,129014968872	0	0	18,200000762939	47	22,530080795288	973,120361328125	0	1,155474305153	22,185123443604	8,297106742859	912,663146972656	100	0
973,164611816406	41998,665277777778	10,191952705383	0,014753605239	49,285583496094	32,664398193359	131,06608581543	1,190037727356	0	13,873239517212	45,033992767334	44,502685546875	45,033992767334	5,114423274994	0	13,31360912323	4,506666660309	14,134614944458	0,001575979986	0,00002754	0,000410809997	0,001060380018	0,000489099999	0	44,221767425537	0,77272939682	11,527307510376	29,754165649414	13,72403049469	0	0	0,003563809907	0	-14,109859466553	0	0	18,200000762939	47	22,848726272583	973,159790039062	0	1,155484318733	22,185266494751	8,030317306519	912,663146972656	100	0
973,193481445312	41998,665393518517	11,076156616211	0,018076755106	48,836585998535	33,034801483154	138,460494995117	1,185788631439	0	14,470422744751	44,952476501465	44,421169281006	44,952476501465	5,101922988892	0	13,31360912323	4,506666660309	11,999999046326	0,001575979986	0,00002754	0,000410809997	0,001060380018	0,000489099999	0	44,221767425537	0,77272939682	11,527307510376	29,754165649414	13,72403049469	0	0	0,003563809907	0	-14,104788780212	0	0	18,200000762939	47	22,767143249512	973,172302246094	0	1,155485510826	22,185331344604	7,098082542419	912,663146972656	100	0
973,251159667969	41998,665509259255	10,24871635437	0,020741002634	48,952968597412	33,075305938721	135,94580078125	1,190100669861	0	14,121127128601	45,035530090332	44,504222869873	45,035530090332	5,030769348145	0	13,846154212952	4,333333492279	13,557691574097	0,001575979986	0,00002754	0,000410809997	0,001060380018	0,000489099999	0	44,221767425537	0,77272939682	11,527307510376	29,754165649414	13,72403049469	0	0	0,003563809907	0	-14,449577331543	0	0	18,200000762939	47	22,849933624268	973,243469238281	0	1,155499577522	22,185596466064	8,015908241272	912,663146972656	100	0
973,299255371094	41998,665625000001	10,429923057556	0,022860947996	48,923675537109	32,934394836426	137,001083374023	1,19199359417	0	14,092958450317	45,071537017822	44,540229797363	45,071537017822	4,989423274994	0	13,846154212952	4,333333492279	15,346153259277	0,001575979986	0,00002754	0,000410809997	0,001060380018	0,000489099999	0	44,221767425537	0,77272939682	11,527307510376	29,754165649414	13,72403049469	0	0	0,003563809907	0	-14,063098907471	0	0	18,200000762939	47	22,886278152466	973,284790039062	0	1,155481100082	22,185256958008	8,171790122986	912,663146972656	100	0
973,318481445312	41998,665740740733	10,464855194092	0,022631751373	49,102836608887	32,90580368042	139,145309448242	1,190226435661	0	14,160563468933	45,037742614746	44,506435394287	45,037742614746	4,969230651855	0	13,846154212952	4,333333492279	13,673076629639	0,00163418497	0,000050670002	0,000422849989	0,001087939949	0,000492895022	0	44,301685333252	1,354072570801	11,465957641602	29,503681182861	13,374605178833	0	0	0,003688540077	0	-14,382535934448	0	0	18,200000762939	47	22,852348327637	973,305053710938	0	1,155491232872	22,185392379761	7,475342750549	912,663146972656	100	0
973,366516113281	41998,665856481486	10,205051422119	0,018592387438	49,080116271973	32,787399291992	132,469375610352	1,186738014221	0	14,746479034424	44,970729827881	44,439426422119	44,970729827881	4,933653831482	0	13,846154212952	4,333333492279	13,211538314819	0,001692389953	0,000073800002	0,000434890011	0,001115499996	0,000496689987	0	44,38159942627	1,935415863991	11,404607772827	29,253196716309	13,025179862976	0	0	0,003813270014	0	-14,474366188049	0	0	18,200000762939	47	22,785369873047	973,340576171875	0	1,155485272408	22,185359954834	7,866575717926	912,663146972656	100	0
973,414611816406	41998,665972222225	9,851369857788	0,014237912372	49,22579574585	33,029102325439	142,460815429688	1,180201292038	0	14,436619758606	44,84517288208	44,313869476318	44,84517288208	4,888461589813	0	13,256956100464	4,525926113129	13,557691574097	0,001692389953	0,000073800002	0,000434890011	0,001115499996	0,000496689987	0	44,38159942627	1,935415863991	11,404607772827	29,253196716309	13,025179862976	0	0	0,003813270014	0	-14,546479225159	0	0	18,200000762939	47	22,659866333008	973,3857421875	0	1,15548491478	22,185306549072	7,750428676605	912,663146972656	100	0
973,414611816406	41998,666087962964	10,801070213318	0,014094681479	49,534294128418	33,00952911377	143,662048339844	1,188190579414	0	14,71831035614	44,998096466064	44,466793060303	44,998096466064	4,859615325928	0	13,256956100464	4,525926113129	14,538460731506	0,001692389953	0,000073800002	0,000434890011	0,001115499996	0,000496689987	0	44,38159942627	1,935415863991	11,404607772827	29,253196716309	13,025179862976	0	0	0,003813270014	0	-14,491268157959	0	0	18,200000762939	47	22,813259124756	973,414611816406	0	1,155457735062	22,184837341309	7,791036605835	912,663146972656	100	0
973,462707519531	41998,666203703695	10,88184928894	0,014066045173	49,749725341797	33,007274627686	131,204544067383	1,173178553581	0	14,994366645813	44,70987701416	44,178573608398	44,70987701416	4,825961589813	0	13,256956100464	4,525926113129	12,288460731506	0,001692389953	0,000073800002	0,000434890011	0,001115499996	0,000496689987	0	44,38159942627	1,935415863991	11,404607772827	29,253196716309	13,025179862976	0	0	0,003813270014	0	-14,982535362244	0	0	18,200000762939	47	22,525030136108	973,448303222656	0	1,155463457108	22,1848487854	7,753921508789	912,663146972656	100	0
973,520385742188	41998,666319444441	10,026027679443	0,010800195858	49,536685943604	33,031227111816	137,420196533203	1,182099938393	0	14,397183418274	44,881324768066	44,350021362305	44,881324768066	4,780769348145	0	13,256956100464	4,525926113129	12,519229888916	0,001692389953	0,000073800002	0,000434890011	0,001115499996	0,000496689987	0	44,38159942627	1,935415863991	11,404607772827	29,253196716309	13,025179862976	0	0	0,003813270014	0	-14,790986061096	0	0	18,200000762939	47	22,696319580078	973,493469238281	0	1,155468940735	22,185005187988	8,060009002686	912,663146972656	100	0
973,539611816406	41998,666435185194	10,185402870178	0,01269095391	49,330619812012	32,769527435303	135,073883056641	1,183998584747	0	14,307043075562	44,918342590332	44,38703918457	44,918342590332	4,738461494446	0	13,256956100464	4,525926113129	13,846153259277	0,001692389953	0,000073800002	0,000434890011	0,001115499996	0,000496689987	0	44,38159942627	1,935415863991	11,404607772827	29,253196716309	13,025179862976	0	0	0,003813270014	0	-14,150986671448	0	0	18,200000762939	47	22,732774734497	973,535766601562	0	1,155500888824	22,185567855835	8,48268032074	912,663146972656	100	0
973,558837890625	41998,666550925926	11,001926422119	0,013493100181	49,17338180542	33,083305358887	141,981826782227	1,188219189644	0	14,436619758606	44,999401092529	44,468097686768	44,999401092529	4,729807853699	0	13,256956100464	4,525926113129	12,23076915741	0,001692389953	0,000073800002	0,000434890011	0,001115499996	0,000496689987	0	44,38159942627	1,935415863991	11,404607772827	29,253196716309	13,025179862976	0	0	0,003813270014	0	-14,332394599915	0	0	18,200000762939	47	22,813808441162	973,54443359375	0	1,155497670174	22,185592651367	7,298938751221	912,663146972656	100	0
973,60693359375	41998,666666666672	10,176670074463	0,019423197955	49,240940093994	32,989364624023	130,980010986328	1,177713632584	0	14,549296379089	44,7975730896	44,266265869141	44,7975730896	4,676923274994	0	12,533156394958	4,787301540375	12,692307472229	0,001692389953	0,000073800002	0,000434890011	0,001115499996	0,000496689987	0	44,38159942627	1,935415863991	11,404607772827	29,253196716309	13,025179862976	0	0	0,003813270014	0	-14,051831245422	0	0	18,200000762939	47	22,612102508545	973,597290039062	0	1,155493140221	22,185470581055	7,970497131348	912,663146972656	100	0
973,655029296875	41998,66678240741	10,165753364563	0,017704317346	49,112800598145	32,745063781738	134,909240722656	1,128971815109	0	14,859154701233	43,861614227295	43,330310821533	43,861614227295	4,632692337036	0	12,533156394958	4,787301540375	13,615384101868	0,001684190007	0,000064450003	0,000432850007	0,001115384977	0,000509470003	0	44,246688842773	1,692763209343	11,371711730957	29,303455352783	13,385377883911	0	0	0,003806340043	0	-14,783661842346	0	0	18,200000762939	47	21,676259994507	973,641540527344	0	1,155487895012	22,185356140137	8,282697677612	912,663146972656	100	0
973,655029296875	41998,666898148149	10,807620048523	0,019279941916	49,168003082275	32,839004516602	143,995086669922	1,166944980621	0	14,521126747131	44,590755462646	44,059448242188	44,590755462646	4,619230747223	0	12,533156394958	4,787301540375	12,403845787048	0,001675989944	0,000055100001	0,000430810003	0,001115269959	0,000522250019	0	44,111782073975	1,450110673904	11,338814735413	29,353713989258	13,745575904846	0	0	0,003799410071	0	-14,94197177887	0	0	18,200000762939	47	22,405344009399	973,655029296875	0	1,155489206314	22,185409545898	7,657423496246	912,663146972656	100	0
973,683837890625	41998,667013888888	11,720206260681	0,017818899825	49,188926696777	33,029441833496	134,205718994141	1,187429904938	0	15,135210990906	44,983894348145	44,452590942383	44,983894348145	4,613461494446	0	12,533156394958	4,787301540375	10,038460731506	0,001675989944	0,000055100001	0,000430810003	0,001115269959	0,000522250019	0	44,111782073975	1,450110673904	11,338814735413	29,353713989258	13,745575904846	0	0	0,003799410071	0	-15,049577713013	0	0	18,200000762939	47	22,798656463623	973,660766601562	0	1,15548145771	22,185237884521	6,815137386322	912,663146972656	100	0
973,712707519531	41998,667129629626	10,687542915344	0,017675660551	49,49503326416	33,12572479248	140,35026550293	1,171234130859	0	14,740845680237	44,672866821289	44,141563415527	44,672866821289	4,564423084259	0	12,533156394958	4,787301540375	10,442307472229	0,001675989944	0,000055100001	0,000430810003	0,001115269959	0,000522250019	0	44,111782073975	1,450110673904	11,338814735413	29,353713989258	13,745575904846	0	0	0,003799410071	0	-15,092394828796	0	0	18,200000762939	47	22,48769569397	973,709838867188	0	1,155476570129	22,185171127319	7,46137046814	912,663146972656	100	0
973,780029296875	41998,667245370365	10,650428771973	0,01332118921	49,59009552002	33,087219238281	135,06640625	1,181779742241	0	15,033802986145	44,875457763672	44,344150543213	44,875457763672	4,527884483337	0	12,533156394958	4,787301540375	12,115384101868	0,001675989944	0,000055100001	0,000430810003	0,001115269959	0,000522250019	0	44,111782073975	1,450110673904	11,338814735413	29,353713989258	13,745575904846	0	0	0,003799410071	0	-14,798873901367	0	0	18,200000762939	47	22,690170288086	973,746337890625	0	1,155485749245	22,185285568237	7,638211250305	912,663146972656	100	0
973,818481445312	41998,667361111111	9,818621635437	0,010026687756	49,658050537109	33,07356262207	140,956497192383	1,174939990044	0	14,402816772461	44,744525909424	44,213222503662	44,744525909424	4,476922988892	0	12,282878875732	4,884848594666	12	0,001675989944	0,000055100001	0,000430810003	0,001115269959	0,000522250019	0	44,111782073975	1,450110673904	11,338814735413	29,353713989258	13,745575904846	0	0	0,003799410071	0	-14,770704269409	0	0	18,200000762939	47	22,558847427368	973,79736328125	0	1,155504226685	22,185678482056	7,947354793549	912,663146972656	100	0
973,866516113281	41998,667476851857	9,822988510132	0,010370467789	49,133327484131	32,851684570312	136,316268920898	1,182477474213	0	14,408451080322	44,889366149902	44,358058929443	44,889366149902	4,435576915741	0	12,282878875732	4,884848594666	11,826922416687	0,001675989944	0,000055100001	0,000430810003	0,001115269959	0,000522250019	0	44,111782073975	1,450110673904	11,338814735413	29,353713989258	13,745575904846	0	0	0,003799410071	0	-14,495211601257	0	0	18,200000762939	47	22,703567504883	973,838684082031	0	1,155510902405	22,185796737671	8,234230041504	912,663146972656	100	0
973,895385742188	41998,667592592603	9,938698768616	0,016157332808	49,06636428833	32,611087799072	131,941741943359	1,188556551933	0	14,53239440918	45,005939483643	44,474636077881	45,005939483643	4,402884483337	0	12,282878875732	4,884848594666	12,980768203735	0,001675989944	0,000055100001	0,000430810003	0,001115269959	0,000522250019	0	44,111782073975	1,450110673904	11,338814735413	29,353713989258	13,745575904846	0	0	0,003799410071	0	-14,601690292358	0	0	18,200000762939	47	22,820287704468	973,871337890625	0	1,155502319336	22,185653686523	8,207158088684	912,663146972656	100	0
973,924255371094	41998,667708333327	10,200685501099	0,020483156666	48,930252075195	32,932735443115	138,6064453125	1,18143081665	0	13,350675582886	44,869346618652	44,338043212891	44,869346618652	4,367307662964	0	12,282878875732	4,884848594666	14,769229888916	0,001675989944	0,000055100001	0,000430810003	0,001115269959	0,000522250019	0	44,111782073975	1,450110673904	11,338814735413	29,353713989258	13,745575904846	0	0	0,003799410071	0	-13,752374649048	0	0	18,200000762939	47	22,683473587036	973,906921386719	0	1,155515789986	22,185874938965	8,017654418945	912,663146972656	100	0
973,962707519531	41998,667824074073	10,104623794556	0,020454514772	49,383434295654	32,660312652588	136,933715820312	1,175683379173	0	13,473239898682	44,759063720703	44,227756500244	44,759063720703	4,333653926849	0	12,282878875732	4,884848594666	13,846153259277	0,001631745021	0,000041175001	0,000424419995	0,001114935032	0,000509085017	0	43,842418670654	1,098978638649	11,406396865845	29,973485946655	13,678719520569	0	0	0,003721354995	0	-13,510014533997	0	0	18,200000762939	47	22,573122024536	973,940551757812	0	1,155518293381	22,185939788818	8,02420425415	912,663146972656	100	0
973,991516113281	41998,667939814804	10,285830497742	0,023577138782	49,352344512939	32,912651062012	138,052612304688	1,169798731804	0	14,104226112366	44,64627456665	44,114971160889	44,64627456665	4,29326915741	0	12,282878875732	4,884848594666	14,076922416687	0,001587499981	0,00002725	0,000418029987	0,001114599989	0,000495920016	0	43,573055267334	0,747846662998	11,473978042603	30,593255996704	13,611863136292	0	0	0,003643299919	0	-13,559856414795	0	0	18,200000762939	47	22,460136413574	973,98095703125	0	1,155529618263	22,186140060425	8,256062507629	912,663146972656	100	0
974,049255371094	41998,66805555555	8,886386871338	0,026012212038	49,314479827881	32,722343444824	134,018615722656	1,18112206459	0	14,661972045898	44,863597869873	44,332294464111	44,863597869873	4,253846168518	0	11,958042144775	5,017543792725	13,384614944458	0,001587499981	0,00002725	0,000418029987	0,001114599989	0,000495920016	0	43,573055267334	0,747846662998	11,473978042603	30,593255996704	13,611863136292	0	0	0,003643299919	0	-14,211831092834	0	0	18,200000762939	47	22,677543640137	974,020385742188	0	1,155520677567	22,186054229736	8,314135551453	912,663146972656	100	0
974,078063964844	41998,668171296296	9,469306945801	0,026613814756	49,220813751221	32,74829864502	131,496429443359	1,166115760803	0	14,819718360901	44,575122833252	44,043815612793	44,575122833252	4,204807758331	0	11,958042144775	5,017543792725	13,846153259277	0,001587499981	0,00002725	0,000418029987	0,001114599989	0,000495920016	0	43,573055267334	0,747846662998	11,473978042603	30,593255996704	13,611863136292	0	0	0,003643299919	0	-14,637183189392	0	0	18,200000762939	47	22,389423370361	974,069396972656	0	1,155503630638	22,185697555542	9,013639450073	912,663146972656	100	0
974,097290039062	41998,668287037042	10,058775901794	0,018678352237	49,169994354248	32,517356872559	134,695938110352	1,175952196121	0	15,569014549255	44,763980865479	44,232677459717	44,763980865479	4,182692527771	0	11,958042144775	5,017543792725	13,211538314819	0,001587499981	0,00002725	0,000418029987	0,001114599989	0,000495920016	0	43,573055267334	0,747846662998	11,473978042603	30,593255996704	13,611863136292	0	0	0,003643299919	0	-15,188732147217	0	0	18,200000762939	47	22,578283309937	974,091552734375	0	1,155504703522	22,185699462891	8,292304039001	912,663146972656	100	0
974,116516113281	41998,668402777774	10,124272346497	0,0122898845	49,326038360596	32,598747253418	132,080200195312	1,186800837517	0	14,611268043518	44,971885681152	44,440578460693	44,971885681152	4,160576820374	0	11,958042144775	5,017543792725	12,403845787048	0,001587499981	0,00002725	0,000418029987	0,001114599989	0,000495920016	0	43,573055267334	0,747846662998	11,473978042603	30,593255996704	13,611863136292	0	0	0,003643299919	0	-15,021409034729	0	0	18,200000762939	47	22,786577224731	974,113647460938	0	1,155484318733	22,185306549072	8,270471572876	912,663146972656	100	0
974,145385742188	41998,66851851852	10,905864715576	0,011258570477	49,33141708374	33,318840026855	136,611892700195	1,179480791092	0	15,546479225159	44,831260681152	44,299953460693	44,831260681152	4,138461589813	0	11,958042144775	5,017543792725	11,711538314819	0,001587499981	0,00002725	0,000418029987	0,001114599989	0,000495920016	0	43,573055267334	0,747846662998	11,473978042603	30,593255996704	13,611863136292	0	0	0,003643299919	0	-15,272112846375	0	0	18,200000762939	47	22,646030426025	974,1357421875	0	1,15547978878	22,185228347778	7,562671661377	912,663146972656	100	0
974,183837890625	41998,668634259258	10,207234382629	0,01377958525	49,335403442383	32,719409942627	138,202301025391	1,185622811317	0	14,628169059753	44,949043273926	44,417739868164	44,949043273926	4,10576915741	0	11,958042144775	5,017543792725	11,25	0,001587499981	0,00002725	0,000418029987	0,001114599989	0,000495920016	0	43,573055267334	0,747846662998	11,473978042603	30,593255996704	13,611863136292	0	0	0,003643299919	0	-14,634929656982	0	0	18,200000762939	47	22,763957977295	974,16845703125	0	1,155471920967	22,185085296631	7,695847988129	912,663146972656	100	0
974,193481445312	41998,668749999997	11,159118652344	0,017274616286	49,355731964111	32,788162231445	136,514602661133	1,189883351326	0	14,515493392944	45,030632019043	44,499328613281	45,030632019043	4,08173084259	0	11,958042144775	5,017543792725	10,326922416687	0,001587499981	0,00002725	0,000418029987	0,001114599989	0,000495920016	0	43,573055267334	0,747846662998	11,473978042603	30,593255996704	13,611863136292	0	0	0,003643299919	0	-14,48676109314	0	0	18,200000762939	47	22,845760345459	974,192504882812	0	1,155462145805	22,184869766235	7,426002025604	912,663146972656	100	0
974,193481445312	41998,668865740736	12,121918678284	0,01844916679	49,564186096191	31,285182952881	133,752914428711	1,188316345215	0	13,963380813599	45,00065612793	44,469352722168	45,00065612793	4,080769062042	0	11,958042144775	5,017543792725	7,442307472229	0,001520687947	0,000033826	0,000409086002	0,00109296001	0,000488788006	0	42,863033294678	0,962976515293	11,541486740112	30,838224411011	13,794278144836	0	0	0,003545352025	0	-14,12281703949	0	0	18,200000762939	47	22,815675735474	974,193481445312	0	1,155468583107	22,184984207153	6,522149085999	912,663146972656	100	0
974,193481445312	41998,668981481482	12,386088371277	0,01796214655	49,860729217529	32,260246276855	136,450988769531	1,185394048691	0	13,912676811218	44,944416046143	44,413112640381	44,944416046143	4,080769062042	0	11,958042144775	5,017543792725	6,115384578705	0,001420469955	0,000043690001	0,000395670009	0,001060500043	0,000478089991	0	41,798004150391	1,285671234131	11,642750740051	31,205675125122	14,067899703979	0	0	0,003398430068	0	-13,849577903748	0	0	18,200000762939	47	22,759567260742	974,193481445312	0	1,155460000038	22,184850692749	5,954075336456	912,663146972656	100	0
974,193481445312	41998,66909722222	12,816182136536	0,015441139229	50,023944854736	33,360660552979	136,436019897461	1,184278845787	0	13,991549491882	44,923179626465	44,391876220703	44,923179626465	4,080769062042	0	11,958042144775	5,017543792725	4,788461208344	0,001420469955	0,000043690001	0,000395670009	0,001060500043	0,000478089991	0	41,798004150391	1,285671234131	11,642750740051	31,205675125122	14,067899703979	0	0	0,003398430068	0	-13,712923049927	0	0	18,200000762939	47	22,73815536499	974,193481445312	0	1,155470013618	22,185024261475	5,517868518829	912,663146972656	100	0
974,193481445312	41998,669212962966	13,251592636108	0,011888820678	50,063205718994	33,592662811279	139,440933227539	1,188670992851	0	13,619718551636	45,007442474365	44,476139068604	45,007442474365	4,080769062042	0	11,958042144775	5,017543792725	3,461538314819	0,001420469955	0,000043690001	0,000395670009	0,001060500043	0,000478089991	0	41,798004150391	1,285671234131	11,642750740051	31,205675125122	14,067899703979	0	0	0,003398430068	0	-13,932958602905	0	0	18,200000762939	47	22,822483062744	974,193481445312	0	1,155466675758	22,184959411621	4,960222244263	912,663146972656	100	0
974,193481445312	41998,669328703705	13,574546813965	0,009195932187	50,041084289551	26,428838729858	138,999359130859	1,177198886871	0	13,867606163025	44,787212371826	44,255905151367	44,787212371826	4,080769062042	0	11,958042144775	5,017543792725	1,499999880791	0,001420469955	0,000043690001	0,000395670009	0,001060500043	0,000478089991	0	41,798004150391	1,285671234131	11,642750740051	31,205675125122	14,067899703979	0	0	0,003398430068	0	-14,070423126221	0	0	18,200000762939	47	22,60221862793	974,193481445312	0	1,155469417572	22,184991836548	4,372363090515	912,663146972656	100	0
974,193481445312	41998,669444444437	14,688410758972	0,007677598856	49,966949462891	15,094584465027	132,817398071289	1,186206102371	0	13,766198158264	44,960250854492	44,42894744873	44,960250854492	4,080769062042	0	11,958042144775	5,017543792725	0,057692304254	0,001420469955	0,000043690001	0,000395670009	0,001060500043	0,000478089991	0	41,798004150391	1,285671234131	11,642750740051	31,205675125122	14,067899703979	0	0	0,003398430068	0	-13,854648590088	0	0	18,200000762939	47	22,775157928467	974,193481445312	0	1,155472755432	22,185094833374	4,123226642609	912,663146972656	100	0
974,241516113281	41998,669560185182	12,829281806946	0,009396465495	50,122791290283	35,308181762695	133,150436401367	1,178039550781	0	14,053521156311	44,803207397461	44,271903991699	44,803207397461	4,060576915741	0	5,506992816925	10,895237922668	1,211538434029	0,001420469955	0,000043690001	0,000395670009	0,001060500043	0,000478089991	0	41,798004150391	1,285671234131	11,642750740051	31,205675125122	14,067899703979	0	0	0,003398430068	0	-13,871626853943	0	0	18,200000762939	47	22,618360519409	974,213684082031	0	1,155459165573	22,1848487854	3,964088439941	912,663146972656	100	0
974,270385742188	41998,669675925921	12,96027469635	0,014323885553	50,073566436768	35,266719818115	131,54133605957	1,159601926804	0	14,042253494263	44,449069976807	43,917766571045	44,449069976807	4,023077011108	0	5,506992816925	10,895237922668	3,461538314819	0,001420469955	0,000043690001	0,000395670009	0,001060500043	0,000478089991	0	41,798004150391	1,285671234131	11,642750740051	31,205675125122	14,067899703979	0	0	0,003398430068	0	-13,998310089111	0	0	18,200000762939	47	22,264358520508	974,251159667969	0	1,155454277992	22,184711456299	5,300303936005	912,663146972656	100	0
974,328063964844	41998,669791666667	11,469135284424	0,015870857984	50,008800506592	34,632656097412	139,583129882812	1,164297103882	0	13,88450717926	44,539379119873	44,008075714111	44,539379119873	3,970192193985	0	5,506992816925	10,895237922668	6,634614944458	0,001420469955	0,000043690001	0,000395670009	0,001060500043	0,000478089991	0	41,798004150391	1,285671234131	11,642750740051	31,205675125122	14,067899703979	0	0	0,003398430068	0	-14,054084777832	0	0	18,200000762939	47	22,35450553894	974,304016113281	0	1,155462145805	22,184873580933	6,379803180695	912,663146972656	100	0
974,35693359375	41998,669907407406	11,600129127502	0,017647022381	49,671203613281	33,724941253662	133,019470214844	1,160911560059	0	13,523943901062	44,474349975586	43,943046569824	44,474349975586	3,927884578705	0	5,506992816925	10,895237922668	9,173076629639	0,001350046019	0,000041462001	0,000391614012	0,00105685601	0,000477082009	0	40,658180236816	1,248589277267	11,812281608582	31,88627243042	14,394675254822	0	0	0,003317069961	0	-13,908169746399	0	0	18,200000762939	47	22,289503097534	974,346374511719	0	1,155462622643	22,1848487854	6,692876815796	912,663146972656	100	0
974,35693359375	41998,670023148152	12,536729812622	0,01360767521	49,399772644043	33,286674499512	136,85139465332	1,164628863335	0	14,239437103271	44,5458984375	44,014595031738	44,5458984375	3,91730761528	0	5,506992816925	10,895237922668	9,807691574097	0,001244410058	0,000038120001	0,000385530002	0,001051389962	0,000475570007	0	38,948448181152	1,192966461182	12,066577911377	32,907169342041	14,884838104248	0	0	0,003195029916	0	-14,172958374023	0	0	18,200000762939	47	22,360874176025	974,35693359375	0	1,155468344688	22,185024261475	6,00952911377	912,663146972656	100	0
974,366516113281	41998,670138888891	12,877312660217	0,012977423146	49,375061035156	32,324752807617	129,329742431641	1,168643474579	0	14,60000038147	44,622749328613	44,091442108154	44,622749328613	3,916346073151	0	5,506992816925	10,895237922668	9,865384101868	0,001244410058	0,000038120001	0,000385530002	0,001051389962	0,000475570007	0	38,948448181152	1,192966461182	12,066577911377	32,907169342041	14,884838104248	0	0	0,003195029916	0	-14,338591575623	0	0	18,200000762939	47	22,437955856323	974,35791015625	0	1,155460476875	22,18479347229	5,556293010712	912,663146972656	100	0
974,405029296875	41998,670254629622	12,054238319397	0,013407140039	49,482875823975	32,38525390625	129,206253051758	1,165698289871	0	14,763380050659	44,566833496094	44,035530090332	44,566833496094	3,87596154213	0	12,115385055542	4,952381134033	11,076922416687	0,001244410058	0,000038120001	0,000385530002	0,001051389962	0,000475570007	0	38,948448181152	1,192966461182	12,066577911377	32,907169342041	14,884838104248	0	0	0,003195029916	0	-14,672676086426	0	0	18,200000762939	47	22,381406784058	974,398254394531	0	1,155491471291	22,185424804688	6,24881029129	912,663146972656	100	0
974,453063964844	41998,670370370368	11,910145759583	0,015040073544	49,586307525635	33,181671142578	134,946655273438	1,175597667694	0	13,980281829834	44,756866455078	44,225563049316	44,756866455078	3,840384721756	0	12,115385055542	4,952381134033	10,961538314819	0,001244410058	0,000038120001	0,000385530002	0,001051389962	0,000475570007	0	38,948448181152	1,192966461182	12,066577911377	32,907169342041	14,884838104248	0	0	0,003195029916	0	-14,161127090454	0	0	18,200000762939	47	22,571475982666	974,433837890625	0	1,155492186546	22,185392379761	6,272825717926	912,663146972656	100	0
974,491516113281	41998,670486111114	11,541181564331	0,014323890209	49,539474487305	33,345771789551	140,316589355469	1,155873298645	0	14,087324142456	44,378528594971	43,847225189209	44,378528594971	3,799038410187	0	12,115385055542	4,952381134033	10,269229888916	0,001244410058	0,000038120001	0,000385530002	0,001051389962	0,000475570007	0	38,948448181152	1,192966461182	12,066577911377	32,907169342041	14,884838104248	0	0	0,003195029916	0	-14,166197776794	0	0	18,200000762939	47	22,192768096924	974,475219726562	0	1,155506134033	22,185760498047	6,586772441864	912,663146972656	100	0
974,558837890625	41998,670601851845	10,015111923218	0,013693632558	49,431262969971	33,410823822021	133,625686645508	1,171016812325	0	14,538028717041	44,669219970703	44,137912750244	44,669219970703	3,748076915741	0	12,115385055542	4,952381134033	10,788460731506	0,001244410058	0,000038120001	0,000385530002	0,001051389962	0,000475570007	0	38,948448181152	1,192966461182	12,066577911377	32,907169342041	14,884838104248	0	0	0,003195029916	0	-14,043944358826	0	0	18,200000762939	47	22,48352432251	974,526123046875	0	1,155506849289	22,185695648193	7,776627063751	912,663146972656	100	0
974,597290039062	41998,670717592591	9,868835449219	0,01432388369	49,199687957764	33,229831695557	138,662582397461	1,181596755981	0	14,70140838623	44,872451782227	44,341144561768	44,872451782227	3,700000047684	0	12,115385055542	4,952381134033	13,038460731506	0,001244410058	0,000038120001	0,000385530002	0,001051389962	0,000475570007	0	38,948448181152	1,192966461182	12,066577911377	32,907169342041	14,884838104248	0	0	0,003195029916	0	-14,520564079285	0	0	18,200000762939	47	22,686656951904	974,57421875	0	1,155507683754	22,185792922974	7,961764335632	912,663146972656	100	0
974,597290039062	41998,670833333337	11,104537963867	0,017503786832	49,189922332764	32,919246673584	138,928268432617	1,170141816139	0	14,126761436462	44,652557373047	44,121253967285	44,652557373047	3,676923036575	0	12,115385055542	4,952381134033	14,365384101868	0,001244410058	0,000038120001	0,000385530002	0,001051389962	0,000475570007	0	38,948448181152	1,192966461182	12,066577911377	32,907169342041	14,884838104248	0	0	0,003195029916	0	-14,06535243988	0	0	18,200000762939	47	22,466724395752	974,597290039062	0	1,155515789986	22,185832977295	7,540839672089	912,663146972656	100	0
974,597290039062	41998,670949074083	11,211515426636	0,016014102846	49,001796722412	31,599771499634	130,21662902832	1,172795414925	0	14,025352478027	44,703563690186	44,172256469727	44,703563690186	3,676923036575	0	12,115385055542	4,952381134033	11,942307472229	0,001252177986	0,000072659997	0,000406965992	0,001138526015	0,000477026013	0	37,506362915039	2,108159065247	12,15202331543	33,942024230957	14,291434288025	0	0	0,003347365884	0	-14,098591804504	0	0	18,200000762939	47	22,517671585083	974,597290039062	0	1,155512928963	22,185890197754	6,983245372772	912,663146972656	100	0
974,626159667969	41998,671064814815	10,126455307007	0,016071399674	49,03129196167	31,395500183105	135,212341308594	1,184850692749	0	14,374648094177	44,934955596924	44,403652191162	44,934955596924	3,659615278244	0	10,535117149353	5,695238113403	10,846153259277	0,001263829996	0,000124469996	0,000439119991	0,001269230037	0,000479209994	0	35,343231201172	3,480948209763	12,280192375183	35,49430847168	13,401328086853	0	0	0,003575870069	0	-14,230986595154	0	0	18,200000762939	47	22,749135971069	974,614624023438	0	1,155511498451	22,185821533203	7,332996845245	912,663146972656	100	0
974,626159667969	41998,671180555553	9,860102653503	0,013206616044	49,0432472229	29,694562911987	136,974884033203	1,182929158211	0	14,436619758606	44,897872924805	44,366569519043	44,897872924805	3,648077011108	0	10,535117149353	5,695238113403	9,057691574097	0,001263829996	0,000124469996	0,000439119991	0,001269230037	0,000479209994	0	35,343231201172	3,480948209763	12,280192375183	35,49430847168	13,401328086853	0	0	0,003575870069	0	-14,489014625549	0	0	18,200000762939	47	22,712242126465	974,626159667969	0	1,155501961708	22,185634613037	8,345574378967	912,663146972656	100	0
974,626159667969	41998,671296296285	9,517337799072	0,014295232482	49,050422668457	29,612968444824	135,665145874023	1,170290470123	0	14,887324333191	44,655132293701	44,123825073242	44,655132293701	3,648077011108	0	10,535117149353	5,695238113403	5,999999523163	0,001263829996	0,000124469996	0,000439119991	0,001269230037	0,000479209994	0	35,343231201172	3,480948209763	12,280192375183	35,49430847168	13,401328086853	0	0	0,003575870069	0	-14,732394218445	0	0	18,200000762939	47	22,469579696655	974,626159667969	0	1,155494689941	22,185552597046	8,263484954834	912,663146972656	100	0
974,6357421875	41998,671412037038	10,091524124146	0,013579037972	49,353736877441	31,057144165039	140,455047607422	1,172274947166	0	14,628169059753	44,692832946777	44,161525726318	44,692832946777	3,64519238472	0	10,535117149353	5,695238113403	3,288461446762	0,001263829996	0,000124469996	0,000439119991	0,001269230037	0,000479209994	0	35,343231201172	3,480948209763	12,280192375183	35,49430847168	13,401328086853	0	0	0,003575870069	0	-14,386479377747	0	0	18,200000762939	47	22,507678985596	974,629028320312	0	1,155475735664	22,185152053833	8,331165313721	912,663146972656	100	0
974,6357421875	41998,671527777777	10,397174835205	0,018048103899	49,071147918701	33,043323516846	141,461685180664	1,185765743256	0	14,628169059753	44,951713562012	44,420406341553	44,951713562012	3,638461589813	0	10,535117149353	5,695238113403	2,307692289352	0,001263829996	0,000124469996	0,000439119991	0,001269230037	0,000479209994	0	35,343231201172	3,480948209763	12,280192375183	35,49430847168	13,401328086853	0	0	0,003575870069	0	-14,464225769043	0	0	18,200000762939	47	22,766702651978	974,6357421875	0	1,155466675758	22,185009002686	7,922466278076	912,663146972656	100	0
974,6357421875	41998,671643518523	11,34032535553	0,01635787636	49,314678192139	31,445045471191	138,426818847656	1,183037877083	0	14,008451461792	44,899108886719	44,36780166626	44,899108886719	3,638461589813	0	10,535117149353	5,695238113403	2,307692289352	0,001263829996	0,000124469996	0,000439119991	0,001269230037	0,000479209994	0	35,343231201172	3,480948209763	12,280192375183	35,49430847168	13,401328086853	0	0	0,003575870069	0	-13,971267700195	0	0	18,200000762939	47	22,714328765869	974,6357421875	0	1,155458569527	22,18478012085	7,091969490051	912,663146972656	100	0
974,6357421875	41998,671759259261	11,563014030457	0,016443815082	49,158237457275	31,622873306274	132,959594726562	1,180521607399	0	13,450704574585	44,850902557373	44,319595336914	44,850902557373	3,638461589813	0	10,535117149353	5,695238113403	1,269230723381	0,001263829996	0,000124469996	0,000439119991	0,001269230037	0,000479209994	0	35,343231201172	3,480948209763	12,280192375183	35,49430847168	13,401328086853	0	0	0,003575870069	0	-13,814085006714	0	0	18,200000762939	47	22,666015625	974,6357421875	0	1,155463457108	22,184886932373	6,764050006866	912,663146972656	100	0
974,6357421875	41998,671875	12,333690643311	0,011917453259	49,372074127197	31,444860458374	137,393997192383	1,187241196632	0	13,546479225159	44,980018615723	44,448715209961	44,980018615723	3,638461589813	0	10,535117149353	5,695238113403	0,576923072338	0,001263829996	0,000124469996	0,000439119991	0,001269230037	0,000479209994	0	35,343231201172	3,480948209763	12,280192375183	35,49430847168	13,401328086853	0	0	0,003575870069	0	-13,74410533905	0	0	18,200000762939	47	22,795032501221	974,6357421875	0	1,155468344688	22,184988021851	6,016515731812	912,663146972656	100	0
974,6357421875	41998,671990740739	12,490882873535	0,013292553835	49,319660186768	20,875020980835	142,337326049805	1,182408809662	0	13,43380355835	44,887321472168	44,356014251709	44,887321472168	3,638461589813	0	10,535117149353	5,695238113403	0,576923072338	0,00131527998	0,000115859999	0,000451206986	0,001262609032	0,000547060976	0	35,605625152588	3,161670207977	12,225221633911	34,286911010742	14,720574378967	0	0	0,003692026949	0	-13,636806488037	0	0	18,200000762939	47	22,702249526978	974,6357421875	0	1,155473470688	22,185070037842	5,804306507111	912,663146972656	100	0
974,683837890625	41998,672106481477	11,794435501099	0,015842214227	49,406749725342	25,537414550781	136,660537719727	1,175483226776	0	13,90140914917	44,754356384277	44,223052978516	44,754356384277	3,610576868057	0	10,535117149353	5,695238113403	2,076922893524	0,001435330021	0,000095770003	0,000479409995	0,00124716002	0,000705379993	0	36,217876434326	2,41668844223	12,096957206726	31,469654083252	17,798816680908	0	0	0,003963060211	0	-13,754154205322	0	0	18,200000762939	47	22,569278717041	974,663635253906	0	1,155466198921	22,185077667236	6,028305053711	912,663146972656	100	0
974,770385742188	41998,672222222223	10,039127349854	0,016271926463	49,481483459473	32,928478240967	135,560363769531	1,166676163673	0	14,318309783936	44,58377456665	44,052471160889	44,58377456665	3,536538362503	0	10,535117149353	5,695238113403	6,115384578705	0,001435330021	0,000095770003	0,000479409995	0,00124716002	0,000705379993	0	36,217876434326	2,41668844223	12,096957206726	31,469654083252	17,798816680908	0	0	0,003963060211	0	-14,676619529724	0	0	18,200000762939	47	22,400184631348	974,737670898438	0	1,155391335487	22,183591842651	7,582757472992	912,663146972656	100	0
974,799255371094	41998,672337962962	10,157020568848	0,021772319451	49,343772888184	32,638786315918	138,894592285156	1,153419852257	0	13,478874206543	44,328506469727	43,797203063965	44,328506469727	3,483653783798	0	10,535117149353	5,695238113403	9,288461685181	0,001435330021	0,000095770003	0,000479409995	0,00124716002	0,000705379993	0	36,217876434326	2,41668844223	12,096957206726	31,469654083252	17,798816680908	0	0	0,003963060211	0	-13,938028335571	0	0	18,200000762939	47	22,145662307739	974,790588378906	0	1,155355453491	22,182844161987	8,42635345459	912,663146972656	100	0
974,818481445312	41998,672453703701	10,091524124146	0,025840325281	49,101837158203	32,63537979126	134,497604370117	1,150337457657	0	13,715493202209	44,269584655762	43,73828125	44,269584655762	3,461538553238	0	6,108597278595	9,822221755981	10,615384101868	0,001435330021	0,000095770003	0,000479409995	0,00124716002	0,000705379993	0	36,217876434326	2,41668844223	12,096957206726	31,469654083252	17,798816680908	0	0	0,003963060211	0	-13,666968345642	0	0	18,200000762939	47	22,086479187012	974,812683105469	0	1,155375599861	22,183107376099	8,346447944641	912,663146972656	100	0
974,85693359375	41998,672569444447	9,700727462769	0,029965629801	49,078720092773	32,651336669922	140,488723754883	1,166195869446	0	14,357747077942	44,575180053711	44,043876647949	44,575180053711	3,432692289352	0	6,108597278595	9,822221755981	12,346153259277	0,001435330021	0,000095770003	0,000479409995	0,00124716002	0,000705379993	0	36,217876434326	2,41668844223	12,096957206726	31,469654083252	17,798816680908	0	0	0,003963060211	0	-14,089577674866	0	0	18,200000762939	47	22,390960693359	974,841552734375	0	1,155431747437	22,1842212677	8,135985374451	912,663146972656	100	0
974,895385742188	41998,672685185193	10,015111923218	0,023290676996	48,928657531738	32,545993804932	140,79931640625	1,167122244835	0	13,85070514679	44,593597412109	44,062294006348	44,593597412109	3,403846263885	0	6,108597278595	9,822221755981	14,076922416687	0,001435330021	0,000095770003	0,000479409995	0,00124716002	0,000705379993	0	36,217876434326	2,41668844223	12,096957206726	31,469654083252	17,798816680908	0	0	0,003963060211	0	-14,187042236328	0	0	18,200000762939	47	22,408748626709	974,870361328125	0	1,15545976162	22,1848487854	8,195368766785	912,663146972656	100	0
974,905029296875	41998,672800925917	10,019477844238	0,014438483864	49,210052490234	32,54284286499	138,628890991211	1,162747383118	0	13,788732528687	44,509281158447	43,977977752686	44,509281158447	3,376923084259	0	6,108597278595	9,822221755981	14,019229888916	0,001435330021	0,000095770003	0,000479409995	0,00124716002	0,000705379993	0	36,217876434326	2,41668844223	12,096957206726	31,469654083252	17,798816680908	0	0	0,003963060211	0	-13,837183952332	0	0	18,200000762939	47	22,32474899292	974,897338867188	0	1,155446410179	22,184532165527	8,292739868164	912,663146972656	100	0
974,905029296875	41998,672916666656	10,55436706543	0,009539691731	48,93563079834	32,54114151001	142,999694824219	1,170096039772	0	13,709859848022	44,650871276855	44,119564056396	44,650871276855	3,369230747223	0	6,108597278595	9,822221755981	10,038460731506	0,001435330021	0,000095770003	0,000479409995	0,00124716002	0,000705379993	0	36,217876434326	2,41668844223	12,096957206726	31,469654083252	17,798816680908	0	0	0,003963060211	0	-13,626113891602	0	0	18,200000762939	47	22,465845108032	974,905029296875	0	1,155471086502	22,185024261475	7,878801822662	912,663146972656	100	0
974,924255371094	41998,673032407409	11,204966545105	0,010599655099	49,273624420166	32,805904388428	136,664291381836	1,177639245987	0	13,766198158264	44,795837402344	44,264533996582	44,795837402344	3,366346120834	0	6,108597278595	9,822221755981	7,038461208344	0,00147509505	0,000083104002	0,000488575024	0,001251981012	0,000655040029	0	37,314338684082	2,100263834	12,35853767395	31,666307449341	16,560546875	0	0	0,003953805193	0	-13,460824966431	0	0	18,200000762939	47	22,610673904419	974,907897949219	0	1,155477881432	22,185163497925	7,095026016235	912,663146972656	100	0
975,001159667969	41998,673148148155	9,847003936768	0,010771541856	48,900356292725	32,657123565674	140,174392700195	1,18466770649	0	13,923944473267	44,930946350098	44,399639129639	44,930946350098	3,299999952316	0	10,817307472229	5,546666622162	9,692307472229	0,001567880041	0,00005355	0,000509959995	0,001263229991	0,000537579996	0	39,872749328613	1,361939907074	12,968893051147	32,12516784668	13,671249389648	0	0	0,003932210151	0	-13,672940254211	0	0	18,200000762939	47	22,745620727539	974,974243164062	0	1,155483365059	22,18532371521	8,165240287781	912,663146972656	100	0
975,030029296875	41998,673263888886	9,696361541748	0,017732977867	48,966121673584	32,257446289062	138,037643432617	1,159802079201	0	14,560564041138	44,453090667725	43,921787261963	44,453090667725	3,260576963425	0	10,817307472229	5,546666622162	10,326922416687	0,001567880041	0,00005355	0,000509959995	0,001263229991	0,000537579996	0	39,872749328613	1,361939907074	12,968893051147	32,12516784668	13,671249389648	0	0	0,003932210151	0	-14,063802719116	0	0	18,200000762939	47	22,268201828003	975,013671875	0	1,15546298027	22,18489074707	8,551233291626	912,663146972656	100	0
975,039611816406	41998,673379629632	10,187585830688	0,017160031945	48,950977325439	32,372108459473	139,018081665039	1,167322397232	0	14,571831703186	44,597518920898	44,066215515137	44,597518920898	3,234615325928	0	10,817307472229	5,546666622162	10,153845787048	0,001567880041	0,00005355	0,000509959995	0,001263229991	0,000537579996	0	39,872749328613	1,361939907074	12,968893051147	32,12516784668	13,671249389648	0	0	0,003932210151	0	-14,596619606018	0	0	18,200000762939	47	22,412591934204	975,039611816406	0	1,155465960503	22,184926986694	8,434212684631	912,663146972656	100	0
975,126159667969	41998,673495370371	8,416995048523	0,021743688732	48,854320526123	32,473876953125	140,290390014648	1,168368935585	0	14,853521347046	44,617900848389	44,086597442627	44,617900848389	3,184615373611	0	10,817307472229	5,546666622162	11,538460731506	0,001567880041	0,00005355	0,000509959995	0,001263229991	0,000537579996	0	39,872749328613	1,361939907074	12,968893051147	32,12516784668	13,671249389648	0	0	0,003932210151	0	-14,768450737	0	0	18,200000762939	47	22,432685852051	975,089599609375	0	1,155483603477	22,185216903687	8,869110107422	912,663146972656	100	0
975,126159667969	41998,673611111109	9,567551612854	0,01509738341	48,034252166748	31,930480957031	133,034439086914	1,188001871109	0	14,216901779175	44,995166778564	44,463863372803	44,995166778564	3,148077011108	0	10,817307472229	5,546666622162	13,269229888916	0,001567880041	0,00005355	0,000509959995	0,001263229991	0,000537579996	0	39,872749328613	1,361939907074	12,968893051147	32,12516784668	13,671249389648	0	0	0,003932210151	0	-14,611268043518	0	0	18,200000762939	47	22,809635162354	975,126159667969	0	1,155494689941	22,185531616211	8,872166633606	912,663146972656	100	0
975,155029296875	41998,673726851848	9,521703720093	0,015641683713	47,541610717773	32,098152160645	142,071640014648	1,187464237213	0	14,549296379089	44,984794616699	44,45348739624	44,984794616699	3,133653879166	0	10,817307472229	5,546666622162	13,961538314819	0,001567880041	0,00005355	0,000509959995	0,001263229991	0,000537579996	0	39,872749328613	1,361939907074	12,968893051147	32,12516784668	13,671249389648	0	0	0,003932210151	0	-14,042817115784	0	0	18,200000762939	47	22,799314498901	975,140563964844	0	1,155496001244	22,185478210449	8,341644287109	912,663146972656	100	0
975,183837890625	41998,673842592594	10,707192420959	0,016816245392	48,000968933105	32,038589477539	140,331558227539	1,187635779381	0	14,661972045898	44,988372802734	44,457069396973	44,988372802734	3,116346120834	0	10,817307472229	5,546666622162	11,01923084259	0,001567880041	0,00005355	0,000509959995	0,001263229991	0,000537579996	0	39,872749328613	1,361939907074	12,968893051147	32,12516784668	13,671249389648	0	0	0,003932210151	0	-14,722817420959	0	0	18,200000762939	47	22,80260848999	975,157897949219	0	1,155506968498	22,185764312744	7,960890769958	912,663146972656	100	0
975,183837890625	41998,673958333326	10,903681755066	0,018076742068	48,807689666748	32,153717041016	137,090881347656	1,183426737785	0	14,092958450317	44,907520294189	44,37621307373	44,907520294189	3,090384721756	0	10,817307472229	5,546666622162	10,211538314819	0,001567880041	0,00005355	0,000509959995	0,001263229991	0,000537579996	0	39,872749328613	1,361939907074	12,968893051147	32,12516784668	13,671249389648	0	0	0,003932210151	0	-13,9447889328	0	0	18,200000762939	47	22,721794128418	975,183837890625	0	1,15550661087	22,185724258423	7,777063846588	912,663146972656	100	0
975,203063964844	41998,674074074079	10,809803009033	0,018907530233	49,24532699585	32,382019042969	140,458786010742	1,187264084816	0	13,280797958374	44,981151580811	44,449844360352	44,981151580811	3,08269238472	0	9,086538314819	6,603174686432	9,115384101868	0,001639369992	0,000053076001	0,000518560992	0,001285708975	0,000553326972	0	40,439292907715	1,313864469528	12,814409255981	31,769596099854	13,662837028503	0	0	0,004050049931	0	-13,760949134827	0	0	18,200000762939	47	22,795471191406	975,191528320312	0	1,155503630638	22,185678482056	7,140873908997	912,663146972656	100	0
975,222290039062	41998,674189814818	11,152568817139	0,013922804035	48,947189331055	32,705795288086	137,884216308594	1,180006861687	0	13,563381195068	44,841556549072	44,310253143311	44,841556549072	3,068269252777	0	9,086538314819	6,603174686432	6,98076915741	0,001806179993	0,000051970001	0,000538630004	0,001338160015	0,000590069976	0	41,761222839355	1,201688528061	12,453946113586	30,939929962158	13,643209457397	0	0	0,004325009882	0	-13,529247283936	0	0	18,200000762939	47	22,656133651733	975,205932617188	0	1,155490279198	22,185424804688	7,152226448059	912,663146972656	100	0
975,318481445312	41998,674305555563	9,137456893921	0,0165584106	49,035076141357	32,632316589355	137,678405761719	1,185502648354	0	13,625352859497	44,947154998779	44,415851593018	44,947154998779	2,998076915741	0	9,086538314819	6,603174686432	9	0,001806179993	0,000051970001	0,000538630004	0,001338160015	0,000590069976	0	41,761222839355	1,201688528061	12,453946113586	30,939929962158	13,643209457397	0	0	0,004325009882	0	-13,531655311584	0	0	18,200000762939	47	22,761653900146	975,276184082031	0	1,155495285988	22,185503005981	8,17484664917	912,663146972656	100	0
975,366516113281	41998,674421296288	8,602400779724	0,018563766032	48,570934295654	32,793140411377	136,806488037109	1,176804304123	0	13,90140914917	44,779983520508	44,248676300049	44,779983520508	2,944230794907	0	9,086538314819	6,603174686432	11,365384101868	0,001806179993	0,000051970001	0,000538630004	0,001338160015	0,000590069976	0	41,761222839355	1,201688528061	12,453946113586	30,939929962158	13,643209457397	0	0	0,004325009882	0	-13,496090888977	0	0	18,200000762939	47	22,59464263916	975,330017089844	0	1,155485749245	22,185338973999	8,976121902466	912,663146972656	100	0
975,366516113281	41998,674537037034	9,390710830688	0,019108075649	48,791149139404	31,572286605835	143,198013305664	1,159470438957	0	14,695775032043	44,447216033936	43,915908813477	44,447216033936	2,907692193985	0	9,086538314819	6,603174686432	12,519229888916	0,001806179993	0,000051970001	0,000538630004	0,001338160015	0,000590069976	0	41,761222839355	1,201688528061	12,453946113586	30,939929962158	13,643209457397	0	0	0,004325009882	0	-14,079437255859	0	0	18,200000762939	47	22,261833190918	975,366516113281	0	1,155489206314	22,185380935669	9,259480476379	912,663146972656	100	0
975,366516113281	41998,67465277778	10,261815071106	0,015183331445	48,976085662842	32,17720413208	140,219299316406	1,18351829052	0	14,3014087677	44,909069061279	44,377765655518	44,909069061279	2,907692193985	0	9,086538314819	6,603174686432	10,961538314819	0,001806179993	0,000051970001	0,000538630004	0,001338160015	0,000590069976	0	41,761222839355	1,201688528061	12,453946113586	30,939929962158	13,643209457397	0	0	0,004325009882	0	-14,612957954407	0	0	18,200000762939	47	22,723550796509	975,366516113281	0	1,155496835709	22,185520172119	8,167423248291	912,663146972656	100	0
975,376159667969	41998,674768518518	11,084889411926	0,011086689308	49,20267868042	32,04203414917	139,164016723633	1,154735207558	0	14,515493392944	44,356597900391	43,825294494629	44,356597900391	2,898077011108	0	9,086538314819	6,603174686432	11,076922416687	0,001806179993	0,000051970001	0,000538630004	0,001338160015	0,000590069976	0	41,761222839355	1,201688528061	12,453946113586	30,939929962158	13,643209457397	0	0	0,004325009882	0	-14,554929733276	0	0	18,200000762939	47	22,170917510986	975,376159667969	0	1,15550339222	22,185682296753	7,485822200775	912,663146972656	100	0
975,376159667969	41998,674884259264	11,711473464966	0,013177982531	48,628131866455	32,093814849854	133,520904541016	1,182883501053	0	14,825352668762	44,89684677124	44,365539550781	44,89684677124	2,898077011108	0	9,086538314819	6,603174686432	10,211538314819	0,001806179993	0,000051970001	0,000538630004	0,001338160015	0,000590069976	0	41,761222839355	1,201688528061	12,453946113586	30,939929962158	13,643209457397	0	0	0,004325009882	0	-14,463662147522	0	0	18,200000762939	47	22,711362838745	975,376159667969	0	1,155492544174	22,185482025146	6,939580917358	912,663146972656	100	0
975,414611816406	41998,675000000003	11,067422866821	0,013493104838	48,655433654785	32,261829376221	131,406616210938	1,185348272324	0	14,740845680237	44,943756103516	44,412452697754	44,943756103516	2,882692337036	0	9,086538314819	6,603174686432	6,923076629639	0,001806179993	0,000051970001	0,000538630004	0,001338160015	0,000590069976	0	41,761222839355	1,201688528061	12,453946113586	30,939929962158	13,643209457397	0	0	0,004325009882	0	-14,502535820007	0	0	18,200000762939	47	22,758687973022	975,391540527344	0	1,155470609665	22,185070037842	6,659692287445	912,663146972656	100	0
975,472290039062	41998,675115740734	9,923416137695	0,018134059384	49,040256500244	32,535015106201	133,651885986328	1,172824025154	0	14,228169441223	44,70348739624	44,172183990479	44,70348739624	2,819230794907	0	9,086538314819	6,603174686432	7,5	0,001886753947	0,000064018001	0,000550245983	0,001396148	0,000624408014	0	41,732730865479	1,384160637856	12,211574554443	30,886636734009	13,784895896912	0	0	0,004521573894	0	-14,668732643127	0	0	18,200000762939	47	22,518220901489	975,454956054688	0	1,155485510826	22,185266494751	8,032500267029	912,663146972656	100	0
975,5107421875	41998,67523148148	10,004195213318	0,015555749647	49,741554260254	32,060245513916	138,643859863281	1,167848587036	0	14,036620140076	44,608196258545	44,076892852783	44,608196258545	2,786538362503	0	9,086538314819	6,603174686432	7,269230365753	0,002209050115	0,00011221	0,000596710015	0,001628100057	0,000761759991	0	41,618755340576	2,114048957825	11,242088317871	30,673461914062	14,351640701294	0	0	0,005307829939	0	-14,145915985107	0	0	18,200000762939	47	22,422693252563	975,487670898438	0	1,155494451523	22,185503005981	8,058699607849	912,663146972656	100	0
975,520385742188	41998,675347222219	10,661344528198	0,020168039948	49,334804534912	31,904483795166	140,683319091797	1,188007593155	0	14,121127128601	44,995277404785	44,463973999023	44,995277404785	2,753846168518	0	9,086538314819	6,603174686432	9,23076915741	0,002209050115	0,00011221	0,000596710015	0,001628100057	0,000761759991	0	41,618755340576	2,114048957825	11,242088317871	30,673461914062	14,351640701294	0	0	0,005307829939	0	-14,117747306824	0	0	18,200000762939	47	22,809745788574	975,520385742188	0	1,155497074127	22,185531616211	8,118955612183	912,663146972656	100	0
975,578063964844	41998,675462962958	9,713827133179	0,021142063662	48,898963928223	32,075645446777	138,587738037109	1,188367843628	0	13,90140914917	45,001945495605	44,470642089844	45,001945495605	2,733653783798	0	9,086538314819	6,603174686432	9,865384101868	0,002209050115	0,00011221	0,000596710015	0,001628100057	0,000761759991	0	41,618755340576	2,114048957825	11,242088317871	30,673461914062	14,351640701294	0	0	0,005307829939	0	-13,972394943237	0	0	18,200000762939	47	22,816663742065	975,540588378906	0	1,15547978878	22,18528175354	7,759598255157	912,663146972656	100	0
975,578063964844	41998,675578703696	10,357876777649	0,023519840091	48,612983703613	32,08390045166	139,983535766602	1,176146626472	0	14,538028717041	44,76725769043	44,235954284668	44,76725769043	2,696153879166	0	9,086538314819	6,603174686432	12,115384101868	0,002209050115	0,00011221	0,000596710015	0,001628100057	0,000761759991	0	41,618755340576	2,114048957825	11,242088317871	30,673461914062	14,351640701294	0	0	0,005307829939	0	-14,29408454895	0	0	18,200000762939	47	22,582015991211	975,578063964844	0	1,155484080315	22,185241699219	8,428099632263	912,663146972656	100	0
975,578063964844	41998,67569444445	10,591481208801	0,018162699416	48,997211456299	32,233322143555	143,800506591797	1,181322216988	0	15,135210990906	44,866786956787	44,335483551025	44,866786956787	2,696153879166	0	9,086538314819	6,603174686432	11,192307472229	0,002209050115	0,00011221	0,000596710015	0,001628100057	0,000761759991	0	41,618755340576	2,114048957825	11,242088317871	30,673461914062	14,351640701294	0	0	0,005307829939	0	-14,876620292664	0	0	18,200000762939	47	22,681386947632	975,578063964844	0	1,155489802361	22,185400009155	7,703707695007	912,663146972656	100	0
975,60693359375	41998,675810185196	10,949529647827	0,014352531172	49,078720092773	32,246723175049	141,562713623047	1,180801749229	0	14,65070438385	44,857028961182	44,325721740723	44,857028961182	2,684615373611	0	10,238352775574	5,860317230225	8,076922416687	0,002209050115	0,00011221	0,000596710015	0,001628100057	0,000761759991	0	41,618755340576	2,114048957825	11,242088317871	30,673461914062	14,351640701294	0	0	0,005307829939	0	-14,952675819397	0	0	18,200000762939	47	22,671394348145	975,589599609375	0	1,155503630638	22,185632705688	6,998964309692	912,663146972656	100	0
975,674255371094	41998,675925925927	10,443022727966	0,014151989482	49,317268371582	32,227195739746	137,191925048828	1,180807471275	0	15,140845298767	44,856899261475	44,325592041016	44,856899261475	2,650000095367	0	10,238352775574	5,860317230225	8,192307472229	0,002209050115	0,00011221	0,000596710015	0,001628100057	0,000761759991	0	41,618755340576	2,114048957825	11,242088317871	30,673461914062	14,351640701294	0	0	0,005307829939	0	-14,606197357178	0	0	18,200000762939	47	22,671504974365	975,624206542969	0	1,155485272408	22,185392379761	7,735582828522	912,663146972656	100	0
975,693481445312	41998,676041666666	9,449657440186	0,017417844385	48,800117492676	32,037822723389	141,551483154297	1,174957156181	0	14,774647712708	44,744400024414	44,213092803955	44,744400024414	2,595192193985	0	10,238352775574	5,860317230225	9,519229888916	0,002209050115	0,00011221	0,000596710015	0,001628100057	0,000761759991	0	41,618755340576	2,114048957825	11,242088317871	30,673461914062	14,351640701294	0	0	0,005307829939	0	-14,928450584412	0	0	18,200000762939	47	22,559177398682	975,679077148438	0	1,155480623245	22,185220718384	8,364786148071	912,663146972656	100	0
975,712707519531	41998,676157407404	9,737842559814	0,01738919504	48,791744232178	31,887424468994	142,782638549805	1,186177492142	0	13,867606163025	44,959590911865	44,428283691406	44,959590911865	2,565384626389	0	10,238352775574	5,860317230225	10,096153259277	0,00227194	0,000115135997	0,000609730021	0,001608095947	0,00074625999	0	42,430698394775	2,150433540344	11,38959312439	30,070777893066	13,958491325378	0	0	0,00535116205	0	-14,447323799133	0	0	18,200000762939	47	22,774608612061	975,708862304688	0	1,15546643734	22,184980392456	8,422423362732	912,663146972656	100	0
975,770385742188	41998,676273148143	9,825171470642	0,015555728227	48,73494720459	32,383422851562	141,308258056641	1,179023265839	0	14,453521728516	44,822360992432	44,29105758667	44,822360992432	2,531730651855	0	10,238352775574	5,860317230225	9,865384101868	0,002523500007	0,000126839994	0,000661809987	0,001528079971	0,000684259983	0	45,678470611572	2,295972108841	11,979612350464	27,660045623779	12,385892868042	0	0	0,005524490029	0	-14,127324104309	0	0	18,200000762939	47	22,637247085571	975,742492675781	0	1,155477046967	22,18511390686	8,396661758423	912,663146972656	100	0
975,808837890625	41998,676388888889	9,331764221191	0,013521727175	48,454151153564	31,899038314819	143,819213867188	1,175243020058	0	13,997183799744	44,750022888184	44,218719482422	44,750022888184	2,487499952316	0	14,253394126892	4,209523677826	12,519229888916	0,002523500007	0,000126839994	0,000661809987	0,001528079971	0,000684259983	0	45,678470611572	2,295972108841	11,979612350464	27,660045623779	12,385892868042	0	0	0,005524490029	0	-14,152676582336	0	0	18,200000762939	47	22,564666748047	975,786743164062	0	1,155487895012	22,185356140137	8,82107925415	912,663146972656	100	0
975,818481445312	41998,676504629642	9,657063484192	0,01097207889	47,552173614502	32,149932861328	145,215026855469	1,180498719215	0	13,985916137695	44,851093292236	44,319789886475	44,851093292236	2,459615468979	0	14,253394126892	4,209523677826	13,499999046326	0,002523500007	0,000126839994	0,000661809987	0,001528079971	0,000684259983	0	45,678470611572	2,295972108841	11,979612350464	27,660045623779	12,385892868042	0	0	0,005524490029	0	-13,747606277466	0	0	18,200000762939	47	22,665575027466	975,814636230469	0	1,155496001244	22,185518264771	8,687903404236	912,663146972656	100	0
975,818481445312	41998,676620370366	10,969178199768	0,010313191451	46,978221893311	32,395847320557	144,582595825195	1,192050814629	0	14,222535133362	45,072925567627	44,541622161865	45,072925567627	2,455769300461	0	14,253394126892	4,209523677826	11,653845787048	0,002523500007	0,000126839994	0,000661809987	0,001528079971	0,000684259983	0	45,678470611572	2,295972108841	11,979612350464	27,660045623779	12,385892868042	0	0	0,005524490029	0	-14,192676544189	0	0	18,200000762939	47	22,88737487793	975,818481445312	0	1,155497908592	22,185552597046	7,743442058563	912,663146972656	100	0
975,85693359375	41998,676736111112	10,283647537231	0,006818162277	47,653411865234	32,507488250732	144,219619750977	1,186858057976	0	14,374648094177	44,973136901855	44,441833496094	44,973136901855	2,434615373611	0	14,253394126892	4,209523677826	9,634614944458	0,002523500007	0,000126839994	0,000661809987	0,001528079971	0,000684259983	0	45,678470611572	2,295972108841	11,979612350464	27,660045623779	12,385892868042	0	0	0,005524490029	0	-14,909859657288	0	0	18,200000762939	47	22,787675857544	975,839599609375	0	1,155491232872	22,18546295166	7,667029380798	912,663146972656	100	0
975,85693359375	41998,676851851851	10,750856399536	0,012948798016	48,691505432129	32,485153198242	146,966323852539	1,171668767929	0	13,822535514832	44,681549072266	44,150245666504	44,681549072266	2,41730761528	0	14,253394126892	4,209523677826	8,884614944458	0,002523500007	0,000126839994	0,000661809987	0,001528079971	0,000684259983	0	45,678470611572	2,295972108841	11,979612350464	27,660045623779	12,385892868042	0	0	0,005524490029	0	-14,232676506042	0	0	18,200000762939	47	22,496042251587	975,85693359375	0	1,155497193336	22,185506820679	7,503724575043	912,663146972656	100	0
975,895385742188	41998,676967592583	10,947346687317	0,014667663723	48,747505187988	32,654865264893	138,778579711914	1,180321455002	0	13,608450889587	44,847755432129	44,316452026367	44,847755432129	2,405769348145	0	14,253394126892	4,209523677826	7,557692050934	0,002523500007	0,000126839994	0,000661809987	0,001528079971	0,000684259983	0	45,678470611572	2,295972108841	11,979612350464	27,660045623779	12,385892868042	0	0	0,005524490029	0	-13,65244102478	0	0	18,200000762939	47	22,662172317505	975,868469238281	0	1,155497431755	22,185585021973	7,047431945801	912,663146972656	100	0
975,933837890625	41998,677083333328	10,263998985291	0,022030161694	48,586280822754	32,59419631958	138,056350708008	1,189488768578	0	13,591549873352	45,023612976074	44,492309570312	45,023612976074	2,351922988892	0	14,253394126892	4,209523677826	8,134614944458	0,002523500007	0,000126839994	0,000661809987	0,001528079971	0,000684259983	0	45,678470611572	2,295972108841	11,979612350464	27,660045623779	12,385892868042	0	0	0,005524490029	0	-13,676245689392	0	0	18,200000762939	47	22,838184356689	975,922302246094	0	1,155490398407	22,185428619385	7,853476524353	912,663146972656	100	0
975,962707519531	41998,677199074082	10,40590763092	0,017818929628	48,089454650879	32,522804260254	141,966857910156	1,16743683815	0	13,692957878113	44,60018157959	44,068874359131	44,60018157959	2,323076963425	0	14,253394126892	4,209523677826	8,192307472229	0,002571855905	0,000129755994	0,000671348011	0,001560605946	0,000688541972	0	45,741088867188	2,307193994522	11,943745613098	27,751951217651	12,256014823914	0	0	0,005622106139	0	-13,936338424683	0	0	18,200000762939	47	22,41478729248	975,951171875	0	1,15548813343	22,185392379761	7,907183647156	912,663146972656	100	0
976,001159667969	41998,677314814806	10,246532440186	0,014753619209	47,456115722656	32,507530212402	141,966857910156	1,186772227287	0	13,124601364136	44,971336364746	44,440032958984	44,971336364746	2,306730747223	0	8,547008514404	7,019999980927	8,942307472229	0,002765279962	0,000141419994	0,000709499989	0,001690709963	0,000705669983	0	45,991565704346	2,352082014084	11,800278663635	28,11957359314	11,736500740051	0	0	0,006012570113	0	-13,305460929871	0	0	18,200000762939	47	22,786029815674	975,967529296875	0	1,155485510826	22,185306549072	7,744752407074	912,663146972656	100	0
976,039611816406	41998,677430555559	9,816438674927	0,009482418187	46,672714233398	32,29203414917	146,259063720703	1,189683198929	0	13,375337600708	45,027366638184	44,496063232422	45,027366638184	2,266346216202	0	8,547008514404	7,019999980927	10,096153259277	0,002765279962	0,000141419994	0,000709499989	0,001690709963	0,000705669983	0	45,991565704346	2,352082014084	11,800278663635	28,11957359314	11,736500740051	0	0	0,006012570113	0	-13,346858024597	0	0	18,200000762939	47	22,841918945312	976,007873535156	0	1,155495762825	22,18544960022	8,042106628418	912,663146972656	100	0
976,068481445312	41998,677546296298	9,523886680603	0,007992724888	46,211360931396	32,139595031738	140,170654296875	1,18641769886	0	13,305460929871	44,964828491211	44,433525085449	44,964828491211	2,223076820374	0	8,547008514404	7,019999980927	11,653845787048	0,002765279962	0,000141419994	0,000709499989	0,001690709963	0,000705669983	0	45,991565704346	2,352082014084	11,800278663635	28,11957359314	11,736500740051	0	0	0,006012570113	0	-13,483357429504	0	0	18,200000762939	47	22,779220581055	976,051147460938	0	1,15549826622	22,185609817505	8,632449150085	912,663146972656	100	0
976,068481445312	41998,677662037036	10,467038154602	0,007448415272	46,938564300537	32,141208648682	142,487014770508	1,168574810028	0	14,504225730896	44,622192382812	44,090885162354	44,622192382812	2,205769300461	0	8,547008514404	7,019999980927	12	0,002765279962	0,000141419994	0,000709499989	0,001690709963	0,000705669983	0	45,991565704346	2,352082014084	11,800278663635	28,11957359314	11,736500740051	0	0	0,006012570113	0	-14,068733215332	0	0	18,200000762939	47	22,436637878418	976,068481445312	0	1,155499100685	22,185552597046	8,060882568359	912,663146972656	100	0
976,097290039062	41998,677777777775	9,958347320557	0,01114397496	47,885982513428	32,172950744629	139,48583984375	1,167122244835	0	13,777464866638	44,594573974609	44,063270568848	44,594573974609	2,18846154213	0	8,547008514404	7,019999980927	9,807692527771	0,002765279962	0,000141419994	0,000709499989	0,001690709963	0,000705669983	0	45,991565704346	2,352082014084	11,800278663635	28,11957359314	11,736500740051	0	0	0,006012570113	0	-14,13295841217	0	0	18,200000762939	47	22,408748626709	976,085754394531	0	1,155508875847	22,1858253479	8,009358406067	912,663146972656	100	0
976,097290039062	41998,677893518514	10,462671279907	0,017217317596	48,840171813965	32,139507293701	137,169479370117	1,155455827713	0	13,83380317688	44,370151519775	43,838848114014	44,370151519775	2,176923036575	0	8,547008514404	7,019999980927	8,76923084259	0,002765279962	0,000141419994	0,000709499989	0,001690709963	0,000705669983	0	45,991565704346	2,352082014084	11,800278663635	28,11957359314	11,736500740051	0	0	0,006012570113	0	-13,676179885864	0	0	18,200000762939	47	22,18475151062	976,097290039062	0	1,155490279198	22,185401916504	7,753921508789	912,663146972656	100	0
976,183837890625	41998,678009259253	9,414726257324	0,023261997849	49,048030853271	32,07445526123	143,991348266602	1,154758095741	0	13,743662834167	44,356651306152	43,825347900391	44,356651306152	2,119230747223	0	8,547008514404	7,019999980927	11,25	0,002765279962	0,000141419994	0,000709499989	0,001690709963	0,000705669983	0	45,991565704346	2,352082014084	11,800278663635	28,11957359314	11,736500740051	0	0	0,006012570113	0	-13,834930419922	0	0	18,200000762939	47	22,171356201172	976,155029296875	0	1,155483007431	22,18529510498	8,397534370422	912,663146972656	100	0
976,212707519531	41998,678124999999	8,988998413086	0,023261997849	48,179733276367	31,962686538696	145,989639282227	1,17980670929	0	13,653521537781	44,837364196777	44,306056976318	44,837364196777	2,075000047684	0	11,538461685181	5,199999809265	11,48076915741	0,002765279962	0,000141419994	0,000709499989	0,001690709963	0,000705669983	0	45,991565704346	2,352082014084	11,800278663635	28,11957359314	11,736500740051	0	0	0,006012570113	0	-13,956056594849	0	0	18,200000762939	47	22,652290344238	976,19921875	0	1,155472397804	22,185073852539	9,015385627747	912,663146972656	100	0
976,212707519531	41998,678240740737	10,102439880371	0,022603100166	47,501354217529	31,889125823975	145,559295654297	1,168288946152	0	14,757746696472	44,616569519043	44,085266113281	44,616569519043	2,06153845787	0	11,538461685181	5,199999809265	9,692307472229	0,002767279977	0,000146417005	0,000716443988	0,001708308002	0,000709693995	0	45,766139984131	2,417409658432	11,843421936035	28,238878250122	11,734152793884	0	0	0,006048133131	0	-14,276056289673	0	0	18,200000762939	47	22,431148529053	976,212707519531	0	1,155493021011	22,18542098999	8,4285364151	912,663146972656	100	0
976,251159667969	41998,678356481483	10,034760475159	0,020483169705	47,091220855713	32,370235443115	141,147338867188	1,173504471779	0	15,88450717926	44,717037200928	44,185729980469	44,717037200928	2,049999952316	0	11,538461685181	5,199999809265	9,346153259277	0,002785280114	0,000191390005	0,000778939982	0,00186669	0,000745909987	0	43,737297058105	3,005357980728	12,231712341309	29,312614440918	11,713024139404	0	0	0,006368199829	0	-15,693521499634	0	0	18,200000762939	47	22,531288146973	976,224243164062	0	1,155507683754	22,185747146606	7,973116874695	912,663146972656	100	0
976,251159667969	41998,678472222222	10,694092750549	0,021629087627	47,89714050293	32,43843460083	141,480392456055	1,163622379303	0	15,614084243774	44,527137756348	43,995834350586	44,527137756348	2,023077011108	0	11,538461685181	5,199999809265	9,923076629639	0,002785280114	0,000191390005	0,000778939982	0,00186669	0,000745909987	0	43,737297058105	3,005357980728	12,231712341309	29,312614440918	11,713024139404	0	0	0,006368199829	0	-15,64845085144	0	0	18,200000762939	47	22,341548919678	976,251159667969	0	1,155498743057	22,18558883667	8,004555702209	912,663146972656	100	0
976,299255371094	41998,678587962961	9,678895950317	0,026757054031	48,404727935791	32,399635314941	145,873626708984	1,172824025154	0	14,932394981384	44,7034034729	44,172096252441	44,7034034729	2,001923084259	0	11,538461685181	5,199999809265	10,5	0,002785280114	0,000191390005	0,000778939982	0,00186669	0,000745909987	0	43,737297058105	3,005357980728	12,231712341309	29,312614440918	11,713024139404	0	0	0,006368199829	0	-14,904225349426	0	0	18,200000762939	47	22,518220901489	976,272338867188	0	1,155475378036	22,185180664062	7,98184967041	912,663146972656	100	0
976,308837890625	41998,678703703699	10,333861351013	0,036468677223	48,008144378662	32,336368560791	141,989318847656	1,182345867157	0	14,419718742371	44,886001586914	44,354694366455	44,886001586914	1,965384602547	0	11,538461685181	5,199999809265	9,23076915741	0,002785280114	0,000191390005	0,000778939982	0,00186669	0,000745909987	0	43,737297058105	3,005357980728	12,231712341309	29,312614440918	11,713024139404	0	0	0,006368199829	0	-14,507042884827	0	0	18,200000762939	47	22,701042175293	976,308837890625	0	1,155465722084	22,184959411621	8,255188941956	912,663146972656	100	0
976,328063964844	41998,678819444445	10,56091594696	0,035351421684	47,479633331299	32,429458618164	146,936386108398	1,177650690079	0	13,805634498596	44,796001434326	44,264694213867	44,796001434326	1,951923131943	0	11,538461685181	5,199999809265	7,384614944458	0,002785280114	0,000191390005	0,000778939982	0,00186669	0,000745909987	0	43,737297058105	3,005357980728	12,231712341309	29,312614440918	11,713024139404	0	0	0,006368199829	0	-14,023098945618	0	0	18,200000762939	47	22,610893249512	976,322265625	0	1,15547645092	22,185106277466	7,893211364746	912,663146972656	100	0
976,366516113281	41998,678935185184	9,657063484192	0,024121465161	47,5256690979	32,378276824951	144,159744262695	1,185068011284	0	14,256338119507	44,938846588135	44,407543182373	44,938846588135	1,933653831482	0	11,538461685181	5,199999809265	7,673076629639	0,002785280114	0,000191390005	0,000778939982	0,00186669	0,000745909987	0	43,737297058105	3,005357980728	12,231712341309	29,312614440918	11,713024139404	0	0	0,006368199829	0	-14,007887840271	0	0	18,200000762939	47	22,753307342529	976,340576171875	0	1,155499577522	22,185539245605	7,901944160461	912,663146972656	100	0
976,366516113281	41998,67905092593	10,517251968384	0,01418065466	48,47966003418	32,556159973145	138,834716796875	1,183524012566	0	14,267605781555	44,909477233887	44,378173828125	44,909477233887	1,907692313194	0	11,538461685181	5,199999809265	8,538461685181	0,002785280114	0,000191390005	0,000778939982	0,00186669	0,000745909987	0	43,737297058105	3,005357980728	12,231712341309	29,312614440918	11,713024139404	0	0	0,006368199829	0	-14,500282287598	0	0	18,200000762939	47	22,723661422729	976,366516113281	0	1,15551173687	22,185817718506	7,918972969055	912,663146972656	100	0
976,395385742188	41998,679166666661	10,154837608337	0,013493097387	48,917098999023	32,473663330078	138,943237304688	1,169129610062	0	14,560564041138	44,633102416992	44,10179901123	44,633102416992	1,893269181252	0	11,538461685181	5,199999809265	7,788461208344	0,002785280114	0,000191390005	0,000778939982	0,00186669	0,000745909987	0	43,737297058105	3,005357980728	12,231712341309	29,312614440918	11,713024139404	0	0	0,006368199829	0	-14,458028793335	0	0	18,200000762939	47	22,447288513184	976,380981445312	0	1,155510187149	22,185813903809	7,8678855896	912,663146972656	100	0
976,424255371094	41998,679282407407	10,458305358887	0,042198289186	48,543830871582	32,41618347168	140,200592041016	1,173172831535	0	14,261972427368	44,7102394104	44,178932189941	44,7102394104	1,87596154213	0	7,322484970093	8,193939208984	7,557692050934	0,002810173901	0,000186635007	0,000779027992	0,001853722963	0,000739915005	0	44,118751525879	2,930244684219	12,230670928955	29,103590011597	11,616746902466	0	0	0,006369465962	0	-14,322816848755	0	0	18,200000762939	47	22,524919509888	976,398254394531	0	1,155480623245	22,185319900513	7,907620429993	912,663146972656	100	0
976,424255371094	41998,679398148153	10,327311515808	0,053141787648	47,933410644531	32,512466430664	143,198013305664	1,162427067757	0	14,121127128601	44,503448486328	43,972145080566	44,503448486328	1,850000023842	0	7,322484970093	8,193939208984	6,923076629639	0,003034220077	0,000143840007	0,000779820024	0,001737019978	0,000685959996	0	47,551849365234	2,25422501564	12,221298217773	27,222370147705	10,75025177002	0	0	0,006380860228	0	-14,041127204895	0	0	18,200000762939	47	22,318601608276	976,424255371094	0	1,155462384224	22,1848487854	8,070924758911	912,663146972656	100	0
976,433837890625	41998,679513888877	10,916781425476	0,055634155869	47,821212768555	32,704475402832	144,709838867188	1,16731095314	0	14,774647712708	44,597347259521	44,06604385376	44,597347259521	1,849038481712	0	7,322484970093	8,193939208984	6,173076629639	0,003034220077	0,000143840007	0,000779820024	0,001737019978	0,000685959996	0	47,551849365234	2,25422501564	12,221298217773	27,222370147705	10,75025177002	0	0	0,006380860228	0	-14,35436630249	0	0	18,200000762939	47	22,412372589111	976,425231933594	0	1,155467271805	22,184976577759	7,460496902466	912,663146972656	100	0
976,48193359375	41998,679629629631	9,665796279907	0,03535144031	48,482250213623	32,684265136719	145,293609619141	1,179406404495	0	14,216901779175	44,82995223999	44,298645019531	44,82995223999	1,800961494446	0	7,322484970093	8,193939208984	7,961538314819	0,003034220077	0,000143840007	0,000779820024	0,001737019978	0,000685959996	0	47,551849365234	2,25422501564	12,221298217773	27,222370147705	10,75025177002	0	0	0,006380860228	0	-14,482817649841	0	0	18,200000762939	47	22,644603729248	976,473266601562	0	1,155489802361	22,185348510742	8,401027679443	912,663146972656	100	0
976,501159667969	41998,679745370369	9,192037582397	0,027902981266	49,068359375	32,504936218262	140,088317871094	1,183197975159	0	14,622535705566	44,902725219727	44,371421813965	44,902725219727	1,786538481712	0	7,322484970093	8,193939208984	7,269230365753	0,003034220077	0,000143840007	0,000779820024	0,001737019978	0,000685959996	0	47,551849365234	2,25422501564	12,221298217773	27,222370147705	10,75025177002	0	0	0,006380860228	0	-14,31324005127	0	0	18,200000762939	47	22,717401504517	976,487670898438	0	1,155483603477	22,18532371521	8,249949455261	912,663146972656	100	0
976,539611816406	41998,679861111123	9,137456893921	0,029106196016	49,301525115967	32,414951324463	138,17610168457	1,181693911552	0	14,825352668762	44,874061584473	44,342754364014	44,874061584473	1,755769252777	0	7,322484970093	8,193939208984	8,25	0,003034220077	0,000143840007	0,000779820024	0,001737019978	0,000685959996	0	47,551849365234	2,25422501564	12,221298217773	27,222370147705	10,75025177002	0	0	0,006380860228	0	-14,42197227478	0	0	18,200000762939	47	22,688524246216	976,518432617188	0	1,155498981476	22,185535430908	8,621096611023	912,663146972656	100	0
976,539611816406	41998,679976851854	10,028210639954	0,02097020112	48,789554595947	32,44868850708	141,873306274414	1,153030991554	0	14,18309879303	44,323959350586	43,792655944824	44,323959350586	1,734615445137	0	7,322484970093	8,193939208984	8,48076915741	0,003034220077	0,000143840007	0,000779820024	0,001737019978	0,000685959996	0	47,551849365234	2,25422501564	12,221298217773	27,222370147705	10,75025177002	0	0	0,006380860228	0	-14,040000915527	0	0	18,200000762939	47	22,138195037842	976,539611816406	0	1,155507922173	22,185764312744	8,421113967896	912,663146972656	100	0
976,578063964844	41998,680092592593	9,550086021423	0,013550414704	47,921455383301	32,479663848877	140,784362792969	1,163519382477	0	14,166197776794	44,525928497314	43,994625091553	44,525928497314	1,70865380764	0	7,322484970093	8,193939208984	8,48076915741	0,003034220077	0,000143840007	0,000779820024	0,001737019978	0,000685959996	0	47,551849365234	2,25422501564	12,221298217773	27,222370147705	10,75025177002	0	0	0,006380860228	0	-14,176338195801	0	0	18,200000762939	47	22,339572906494	976,565551757812	0	1,155544400215	22,18635559082	8,656901359558	912,663146972656	100	0
976,616516113281	41998,680208333331	9,054494857788	0,015326587483	47,0712890625	32,330795288086	139,766494750977	1,173178553581	0	14,633803367615	44,711521148682	44,18021774292	44,711521148682	1,681730747223	0	8,653845787048	6,933333396912	10,038460731506	0,003034220077	0,000143840007	0,000779820024	0,001737019978	0,000685959996	0	47,551849365234	2,25422501564	12,221298217773	27,222370147705	10,75025177002	0	0	0,006380860228	0	-14,76619720459	0	0	18,200000762939	47	22,52502822876	976,592529296875	0	1,155545711517	22,186494827271	8,885266304016	912,663146972656	100	0
976,626159667969	41998,68032407407	9,698544502258	0,018821623176	46,489566802979	32,103302001953	145,570526123047	1,188625216484	0	13,766198158264	45,007873535156	44,476566314697	45,007873535156	1,649038434029	0	8,653845787048	6,933333396912	9,115384101868	0,003037539078	0,000145194004	0,000780401984	0,001739616971	0,000687181018	0	47,536472320557	2,271989345551	12,21315574646	27,224328994751	10,754051208496	0	0	0,006389934104	0	-14,376338005066	0	0	18,200000762939	47	22,821603775024	976,625183105469	0	1,155535101891	22,186265945435	9,036344528198	912,663146972656	100	0
976,626159667969	41998,680439814816	9,892850875854	0,020741024986	46,979419708252	31,968898773193	141,499099731445	1,190123558044	0	14,639436721802	45,036270141602	44,50496673584	45,036270141602	1,648076891899	0	8,653845787048	6,933333396912	8,307691574097	0,003067410085	0,000157379996	0,000785639975	0,001762990025	0,000698169984	0	47,398063659668	2,431867837906	12,139875411987	27,24195098877	10,788245201111	0	0	0,006471599918	0	-14,235493659973	0	0	18,200000762939	47	22,850372314453	976,626159667969	0	1,155510663986	22,185899734497	8,431592941284	912,663146972656	100	0
976,664611816406	41998,680555555555	9,702911376953	0,012633666396	47,57608795166	32,139678955078	137,663436889648	1,192656993866	0	14,673239707947	45,084213256836	44,552909851074	45,084213256836	1,637500047684	0	8,653845787048	6,933333396912	7,096153736115	0,003067410085	0,000157379996	0,000785639975	0,001762990025	0,000698169984	0	47,398063659668	2,431867837906	12,139875411987	27,24195098877	10,788245201111	0	0	0,006471599918	0	-14,379155158997	0	0	18,200000762939	47	22,899015426636	976,63671875	0	1,155476570129	22,185199737549	8,066122055054	912,663146972656	100	0
976,693481445312	41998,680671296301	9,923416137695	0,015269267373	47,529453277588	32,127212524414	144,200912475586	1,19321167469	0	13,467606544495	45,094543457031	44,56324005127	45,094543457031	1,605769276619	0	8,653845787048	6,933333396912	7,730768680573	0,003067410085	0,000157379996	0,000785639975	0,001762990025	0,000698169984	0	47,398063659668	2,431867837906	12,139875411987	27,24195098877	10,788245201111	0	0	0,006471599918	0	-14,074366569519	0	0	18,200000762939	47	22,909666061401	976,66845703125	0	1,15546131134	22,18487739563	8,310206413269	912,663146972656	100	0
976,703063964844	41998,680787037039	9,91250038147	0,016558414325	46,881767272949	32,130912780762	146,476119995117	1,190495252609	0	13,890141487122	45,042560577393	44,511253356934	45,042560577393	1,579807639122	0	8,653845787048	6,933333396912	7,730768680573	0,003067410085	0,000157379996	0,000785639975	0,001762990025	0,000698169984	0	47,398063659668	2,431867837906	12,139875411987	27,24195098877	10,788245201111	0	0	0,006471599918	0	-14,010141372681	0	0	18,200000762939	47	22,857509613037	976,694458007812	0	1,155473232269	22,185049057007	8,46870803833	912,663146972656	100	0
976,703063964844	41998,680902777778	10,224700927734	0,018048102036	46,56290435791	32,199752807617	142,333587646484	1,189826130867	0	14,070423126221	45,030002593994	44,498699188232	45,030002593994	1,571153879166	0	8,653845787048	6,933333396912	6,634614944458	0,003067410085	0,000157379996	0,000785639975	0,001762990025	0,000698169984	0	47,398063659668	2,431867837906	12,139875411987	27,24195098877	10,788245201111	0	0	0,006471599918	0	-13,887324333191	0	0	18,200000762939	47	22,844661712646	976,703063964844	0	1,155487060547	22,185338973999	8,085771560669	912,663146972656	100	0
976,722290039062	41998,681018518517	10,224700927734	0,015269264579	47,010707855225	32,231578826904	143,422546386719	1,175151586533	0	15,332394599915	44,748428344727	44,217124938965	44,748428344727	1,56153845787	0	8,653845787048	6,933333396912	5,25	0,003067410085	0,000157379996	0,000785639975	0,001762990025	0,000698169984	0	47,398063659668	2,431867837906	12,139875411987	27,24195098877	10,788245201111	0	0	0,006471599918	0	-14,341408729553	0	0	18,200000762939	47	22,562911987305	976,712646484375	0	1,15549826622	22,185520172119	7,832080841064	912,663146972656	100	0
976,770385742188	41998,681134259255	9,687628746033	0,014667667449	47,539218902588	32,137977600098	139,298736572266	1,189242839813	0	14,60000038147	45,019241333008	44,487934112549	45,019241333008	1,52115380764	0	8,653845787048	6,933333396912	7,615384101868	0,003067410085	0,000157379996	0,000785639975	0,001762990025	0,000698169984	0	47,398063659668	2,431867837906	12,139875411987	27,24195098877	10,788245201111	0	0	0,006471599918	0	-14,729014396667	0	0	18,200000762939	47	22,833463668823	976,753051757812	0	1,155508875847	22,185775756836	8,555600166321	912,663146972656	100	0
976,780029296875	41998,681250000001	9,962714195251	0,016014114022	48,026279449463	32,07186126709	142,296173095703	1,18804192543	0	14,397183418274	44,996086120605	44,464782714844	44,996086120605	1,49903845787	0	8,653845787048	6,933333396912	8,307691574097	0,003067410085	0,000157379996	0,000785639975	0,001762990025	0,000698169984	0	47,398063659668	2,431867837906	12,139875411987	27,24195098877	10,788245201111	0	0	0,006471599918	0	-14,818028450012	0	0	18,200000762939	47	22,810403823853	976,775207519531	0	1,155503988266	22,185682296753	8,41325378418	912,663146972656	100	0
976,789611816406	41998,681365740733	10,355693817139	0,01658705622	48,600028991699	32,078285217285	144,784683227539	1,184782147408	0	14,312676429749	44,933605194092	44,40230178833	44,933605194092	1,493269205093	0	8,653845787048	6,933333396912	6,75	0,003067410085	0,000157379996	0,000785639975	0,001762990025	0,000698169984	0	47,398063659668	2,431867837906	12,139875411987	27,24195098877	10,788245201111	0	0	0,006471599918	0	-14,113802909851	0	0	18,200000762939	47	22,747817993164	976,781005859375	0	1,1555082798	22,185789108276	7,990146160126	912,663146972656	100	0
976,828063964844	41998,681481481486	9,91686630249	0,016071392223	49,201084136963	32,225410461426	144,343109130859	1,182448863983	0	14,211268424988	44,888683319092	44,35737991333	44,888683319092	1,466346144676	0	6,656804561615	9,013333320618	6,807692050934	0,003037649905	0,000148160005	0,000772829982	0,001778419944	0,000680670026	0	47,332130432129	2,308673858643	12,04204750061	27,711030960083	10,606113433838	0	0	0,006417720113	0	-14,297465324402	0	0	18,200000762939	47	22,703018188477	976,807861328125	0	1,155505776405	22,185665130615	8,218947410583	912,663146972656	100	0
976,837707519531	41998,681597222225	9,685445785522	0,016157332808	49,335403442383	32,256210327148	141,626327514648	1,166601896286	0	14,098591804504	44,584720611572	44,053417205811	44,584720611572	1,441346168518	0	6,656804561615	9,013333320618	7,788461208344	0,003037649905	0,000148160005	0,000772829982	0,001778419944	0,000680670026	0	47,332130432129	2,308673858643	12,04204750061	27,711030960083	10,606113433838	0	0	0,006417720113	0	-14,028169631958	0	0	18,200000762939	47	22,398756027222	976,832885742188	0	1,155519723892	22,185964584351	8,394042015076	912,663146972656	100	0
976,866516113281	41998,681712962964	9,652696609497	0,012977435254	49,273822784424	31,940053939819	141,955642700195	1,149639725685	0	13,946479797363	44,259124755859	43,727821350098	44,259124755859	1,428846120834	0	6,656804561615	9,013333320618	7,961538314819	0,003037649905	0,000148160005	0,000772829982	0,001778419944	0,000680670026	0	47,332130432129	2,308673858643	12,04204750061	27,711030960083	10,606113433838	0	0	0,006417720113	0	-13,694743156433	0	0	18,200000762939	47	22,073083877563	976,845397949219	0	1,155524015427	22,186042785645	8,083587646484	912,663146972656	100	0
976,866516113281	41998,681828703695	10,667894363403	0,013435804285	48,989238739014	32,151462554932	142,763931274414	1,172909736633	0	14,352112770081	44,705768585205	44,174465179443	44,705768585205	1,407692313194	0	6,656804561615	9,013333320618	6,807692050934	0,003037649905	0,000148160005	0,000772829982	0,001778419944	0,000680670026	0	47,332130432129	2,308673858643	12,04204750061	27,711030960083	10,606113433838	0	0	0,006417720113	0	-13,990423202515	0	0	18,200000762939	47	22,519866943359	976,866516113281	0	1,15551173687	22,185903549194	8,027260780334	912,663146972656	100	0
976,895385742188	41998,681944444441	9,999829292297	0,012347187847	48,504772186279	32,423885345459	145,892349243164	1,164474487305	0	14,363380432129	44,543628692627	44,012325286865	44,543628692627	1,381730794907	0	6,656804561615	9,013333320618	7,038461208344	0,003037649905	0,000148160005	0,000772829982	0,001778419944	0,000680670026	0	47,332130432129	2,308673858643	12,04204750061	27,711030960083	10,606113433838	0	0	0,006417720113	0	-14,476619720459	0	0	18,200000762939	47	22,35791015625	976,892517089844	0	1,155506849289	22,185718536377	8,333348274231	912,663146972656	100	0
976,895385742188	41998,682060185194	10,429923057556	0,012633654289	47,643245697021	32,57266998291	147,565063476562	1,183541178703	0	14,352112770081	44,90966796875	44,378364562988	44,90966796875	1,378846168518	0	6,656804561615	9,013333320618	6,865384578705	0,003037649905	0,000148160005	0,000772829982	0,001778419944	0,000680670026	0	47,332130432129	2,308673858643	12,04204750061	27,711030960083	10,606113433838	0	0	0,006417720113	0	-14,409014701843	0	0	18,200000762939	47	22,723991394043	976,895385742188	0	1,155505537987	22,185678482056	7,883605003357	912,663146972656	100	0
976,895385742188	41998,682175925926	10,774871826172	0,011630971916	46,809623718262	32,723876953125	140,275421142578	1,183077931404	0	15,06760597229	44,901054382324	44,369750976562	44,901054382324	1,378846168518	0	6,656804561615	9,013333320618	5,25	0,003037649905	0,000148160005	0,000772829982	0,001778419944	0,000680670026	0	47,332130432129	2,308673858643	12,04204750061	27,711030960083	10,606113433838	0	0	0,006417720113	0	-14,282816886902	0	0	18,200000762939	47	22,71509552002	976,895385742188	0	1,155519604683	22,185960769653	7,377534866333	912,663146972656	100	0
